timesteps,datetime,temperature,SHORT,NOISE,CONSTANT
0,2004-02-28 01:08:16.776717,19.567,False,False,False
1,2004-02-28 01:38:16.776717,19.4788,False,False,False
2,2004-02-28 02:08:16.776717,19.322,False,False,False
3,2004-02-28 02:38:16.776717,19.2142,False,False,False
4,2004-02-28 03:08:16.776717,18.9692,False,False,False
5,2004-02-28 03:38:16.776717,18.832,False,False,False
6,2004-02-28 04:08:16.776717,18.6752,False,False,False
7,2004-02-28 04:38:16.776717,18.4204,False,False,False
8,2004-02-28 05:08:16.776717,18.2832,False,False,False
9,2004-02-28 05:38:16.776717,18.1264,False,False,False
10,2004-02-28 06:08:16.776717,18.0676,False,False,False
11,2004-02-28 06:38:16.776717,17.9304,False,False,False
12,2004-02-28 07:08:16.776717,17.8422,False,False,False
13,2004-02-28 07:38:16.776717,18.146,False,False,False
14,2004-02-28 08:08:16.776717,18.6164,False,False,False
15,2004-02-28 08:38:16.776717,19.5768,False,False,False
16,2004-02-28 09:08:16.776717,20.4,False,False,False
17,2004-02-28 09:38:16.776717,21.429,False,False,False
18,2004-02-28 10:08:16.776717,22.2032,False,False,False
19,2004-02-28 10:38:16.776717,22.7814,False,False,False
20,2004-02-28 11:08:16.776717,23.2224,False,False,False
21,2004-02-28 11:38:16.776717,23.3204,False,False,False
22,2004-02-28 12:08:16.776717,23.5654,False,False,False
23,2004-02-28 12:38:16.776717,23.6536,False,False,False
24,2004-02-28 13:08:16.776717,24.0456,False,False,False
25,2004-02-28 13:38:16.776717,23.928,False,False,False
26,2004-02-28 14:08:16.776717,23.8398,False,False,False
27,2004-02-28 14:38:16.776717,23.3988,False,False,False
28,2004-02-28 15:08:16.776717,23.4184,False,False,False
29,2004-02-28 15:38:16.776717,23.193,False,False,False
30,2004-02-28 16:08:16.776717,22.6932,False,False,False
31,2004-02-28 16:38:16.776717,22.2718,False,False,False
32,2004-02-28 17:08:16.776717,21.9778,False,False,False
33,2004-02-28 17:38:16.776717,21.6446,False,False,False
34,2004-02-28 18:08:16.776717,21.4192,False,False,False
35,2004-02-28 18:38:16.776717,21.1448,False,False,False
36,2004-02-28 19:08:16.776717,20.9488,False,False,False
37,2004-02-28 19:38:16.776717,20.8508,False,False,False
38,2004-02-28 20:08:16.776717,20.7528,False,False,False
39,2004-02-28 20:38:16.776717,20.5862,False,False,False
40,2004-02-28 21:08:16.776717,20.5176,False,False,False
41,2004-02-28 21:38:16.776717,20.351,False,False,False
42,2004-02-28 22:08:16.776717,20.1354,False,False,False
43,2004-02-28 22:38:16.776717,20.008,False,False,False
44,2004-02-28 23:08:16.776717,19.8512,False,False,False
45,2004-02-28 23:38:16.776717,19.7434,False,False,False
46,2004-02-29 00:08:16.776717,19.567,False,False,False
47,2004-02-29 00:38:16.776717,19.42,False,False,False
48,2004-02-29 01:08:16.776717,19.2044,False,False,False
49,2004-02-29 01:38:16.776717,19.0672,False,False,False
50,2004-02-29 02:08:16.776717,18.9202,False,False,False
51,2004-02-29 02:38:16.776717,18.7536,False,False,False
52,2004-02-29 03:08:16.776717,18.587,False,False,False
53,2004-02-29 03:38:16.776717,18.4792,False,False,False
54,2004-02-29 04:08:16.776717,18.4008,False,False,False
55,2004-02-29 04:38:16.776717,18.2636,False,False,False
56,2004-02-29 05:08:16.776717,18.1656,False,False,False
57,2004-02-29 05:38:16.776717,18.0578,False,False,False
58,2004-02-29 06:08:16.776717,17.8618,False,False,False
59,2004-02-29 06:38:16.776717,17.8912,False,False,False
60,2004-02-29 07:08:16.776717,17.852,False,False,False
61,2004-02-29 07:38:16.776717,17.8324,False,False,False
62,2004-02-29 08:08:16.776717,18.048,False,False,False
63,2004-02-29 08:38:16.776717,18.783,False,False,False
64,2004-02-29 09:08:16.776717,19.9296,False,False,False
65,2004-02-29 09:38:16.776717,20.302,False,False,False
66,2004-02-29 10:08:16.776717,20.008,False,False,False
67,2004-02-29 10:38:16.776717,20.645,False,False,False
68,2004-02-29 11:08:16.776717,20.9684,False,False,False
69,2004-02-29 11:38:16.776717,21.0664,False,False,False
70,2004-02-29 12:08:16.776717,21.2526,False,False,False
71,2004-02-29 12:38:16.776717,21.1546,False,False,False
72,2004-02-29 13:08:16.776717,21.184,False,False,False
73,2004-02-29 13:38:16.776717,21.4388,False,False,False
74,2004-02-29 14:08:16.776717,21.4682,False,False,False
75,2004-02-29 14:38:16.776717,21.3408,False,False,False
76,2004-02-29 15:08:16.776717,20.9488,False,False,False
77,2004-02-29 15:38:16.776717,20.743,False,False,False
78,2004-02-29 16:08:16.776717,20.4882,False,False,False
79,2004-02-29 16:38:16.776717,20.3314,False,False,False
80,2004-02-29 17:08:16.776717,20.1648,False,False,False
81,2004-02-29 17:38:16.776717,19.9884,False,False,False
82,2004-02-29 18:08:16.776717,19.8806,False,False,False
83,2004-02-29 18:38:16.776717,19.6846,False,False,False
84,2004-02-29 19:08:16.776717,19.5376,False,False,False
85,2004-02-29 19:38:16.776717,19.4984,False,False,False
86,2004-02-29 20:08:16.776717,19.3612,False,False,False
87,2004-02-29 20:38:16.776717,19.3024,False,False,False
88,2004-02-29 21:08:16.776717,19.2338,False,False,False
89,2004-02-29 21:38:16.776717,19.1652,False,False,False
90,2004-02-29 22:08:16.776717,19.1456,False,False,False
91,2004-02-29 22:38:16.776717,19.1064,False,False,False
92,2004-02-29 23:08:16.776717,18.9496,False,False,False
93,2004-02-29 23:38:16.776717,18.93,False,False,False
94,2004-03-01 00:08:16.776717,18.8516,False,False,False
95,2004-03-01 00:38:16.776717,18.7536,False,False,False
96,2004-03-01 01:08:16.776717,18.6948,False,False,False
97,2004-03-01 01:38:16.776717,18.5772,False,False,False
98,2004-03-01 02:08:16.776717,18.489,False,False,False
99,2004-03-01 02:38:16.776717,18.391,False,False,False
100,2004-03-01 03:08:16.776717,18.3518,False,False,False
101,2004-03-01 03:38:16.776717,18.3224,False,False,False
102,2004-03-01 04:08:16.776717,18.2146,False,False,False
103,2004-03-01 04:38:16.776717,18.1068,False,False,False
104,2004-03-01 05:08:16.776717,18.0284,False,False,False
105,2004-03-01 05:38:16.776717,17.8716,False,False,False
106,2004-03-01 06:08:16.776717,17.754,False,False,False
107,2004-03-01 06:38:16.776717,17.754,False,False,False
108,2004-03-01 07:08:16.776717,20.1452,False,False,False
109,2004-03-01 07:38:16.776717,20.279942770757927,False,True,False
110,2004-03-01 08:08:16.776717,19.313648450927342,False,True,False
111,2004-03-01 08:38:16.776717,23.43200864664533,False,True,False
112,2004-03-01 09:08:16.776717,21.355075997481883,False,True,False
113,2004-03-01 09:38:16.776717,21.24434317126539,False,True,False
114,2004-03-01 10:08:16.776717,23.922415287357197,False,True,False
115,2004-03-01 10:38:16.776717,21.179423080680095,False,True,False
116,2004-03-01 11:08:16.776717,21.17404355499081,False,True,False
117,2004-03-01 11:38:16.776717,23.14904121904601,False,True,False
118,2004-03-01 12:08:16.776717,24.475608300895342,False,True,False
119,2004-03-01 12:38:16.776717,24.472489128759804,False,True,False
120,2004-03-01 13:08:16.776717,23.309767033862983,False,True,False
121,2004-03-01 13:38:16.776717,23.207725783927952,False,True,False
122,2004-03-01 14:08:16.776717,26.185408548935605,False,True,False
123,2004-03-01 14:38:16.776717,28.327928871643913,False,True,False
124,2004-03-01 15:08:16.776717,25.27353382092515,False,True,False
125,2004-03-01 15:38:16.776717,24.155467030613636,False,True,False
126,2004-03-01 16:08:16.776717,25.047306178739465,False,True,False
127,2004-03-01 16:38:16.776717,23.630293249315415,False,True,False
128,2004-03-01 17:08:16.776717,24.36105019975952,False,True,False
129,2004-03-01 17:38:16.776717,23.86309583863733,False,True,False
130,2004-03-01 18:08:16.776717,22.48998722234371,False,True,False
131,2004-03-01 18:38:16.776717,22.282919359487096,False,True,False
132,2004-03-01 19:08:16.776717,22.115548533546978,False,True,False
133,2004-03-01 19:38:16.776717,21.11991483938593,False,True,False
134,2004-03-01 20:08:16.776717,23.252793937677882,False,True,False
135,2004-03-01 20:38:16.776717,20.86656311701873,False,True,False
136,2004-03-01 21:08:16.776717,21.66195063995964,False,True,False
137,2004-03-01 21:38:16.776717,22.012031506000223,False,True,False
138,2004-03-01 22:08:16.776717,21.981309931604002,False,True,False
139,2004-03-01 22:38:16.776717,18.53689698840348,False,True,False
140,2004-03-01 23:08:16.776717,20.593392047114975,False,True,False
141,2004-03-01 23:38:16.776717,20.885426778740477,False,True,False
142,2004-03-02 00:08:16.776717,20.15141200220675,False,True,False
143,2004-03-02 00:38:16.776717,19.070661206674338,False,True,False
144,2004-03-02 01:08:16.776717,20.896277252040008,False,True,False
145,2004-03-02 01:38:16.776717,18.296144241478487,False,True,False
146,2004-03-02 02:08:16.776717,19.382201703471637,False,True,False
147,2004-03-02 02:38:16.776717,18.512408689321543,False,True,False
148,2004-03-02 03:08:16.776717,19.471410251578618,False,True,False
149,2004-03-02 03:38:16.776717,19.50119351432651,False,True,False
150,2004-03-02 04:08:16.776717,16.54897427788244,False,True,False
151,2004-03-02 04:38:16.776717,16.21902601775195,False,True,False
152,2004-03-02 05:08:16.776717,17.80405038131277,False,True,False
153,2004-03-02 05:38:16.776717,17.596531293156954,False,True,False
154,2004-03-02 06:08:16.776717,18.376139712250108,False,True,False
155,2004-03-02 06:38:16.776717,18.753819993043404,False,True,False
156,2004-03-02 07:08:16.776717,18.78874189006557,False,True,False
157,2004-03-02 07:38:16.776717,21.04280228817039,False,True,False
158,2004-03-02 08:08:16.776717,22.744463484968858,False,True,False
159,2004-03-02 08:38:16.776717,27.22284311867635,False,True,False
160,2004-03-02 09:08:16.776717,22.270386297173047,False,True,False
161,2004-03-02 09:38:16.776717,24.611904784156863,False,True,False
162,2004-03-02 10:08:16.776717,25.32383499393191,False,True,False
163,2004-03-02 10:38:16.776717,24.77241385294384,False,True,False
164,2004-03-02 11:08:16.776717,23.098184735749957,False,True,False
165,2004-03-02 11:38:16.776717,22.76956560935412,False,True,False
166,2004-03-02 12:08:16.776717,23.635599498761447,False,True,False
167,2004-03-02 12:38:16.776717,23.55263831667938,False,True,False
168,2004-03-02 13:08:16.776717,23.47924031952345,False,True,False
169,2004-03-02 13:38:16.776717,24.414859465472315,False,True,False
170,2004-03-02 14:08:16.776717,22.694377955408314,False,True,False
171,2004-03-02 14:38:16.776717,23.28921970753219,False,True,False
172,2004-03-02 15:08:16.776717,24.58536980497849,False,True,False
173,2004-03-02 15:38:16.776717,23.318344103478218,False,True,False
174,2004-03-02 16:08:16.776717,34.341743890891784,True,True,False
175,2004-03-02 16:38:16.776717,21.738579353552186,False,True,False
176,2004-03-02 17:08:16.776717,21.485490264685012,False,True,False
177,2004-03-02 17:38:16.776717,21.872859531198536,False,True,False
178,2004-03-02 18:08:16.776717,21.624245445537714,False,True,False
179,2004-03-02 18:38:16.776717,22.418154695844734,False,True,False
180,2004-03-02 19:08:16.776717,22.160692792677633,False,True,False
181,2004-03-02 19:38:16.776717,23.26787913216891,False,True,False
182,2004-03-02 20:08:16.776717,20.669045739024416,False,True,False
183,2004-03-02 20:38:16.776717,23.758313520871013,False,True,False
184,2004-03-02 21:08:16.776717,22.395155298710723,False,True,False
185,2004-03-02 21:38:16.776717,21.947205939959552,False,True,False
186,2004-03-02 22:08:16.776717,18.900657643755505,False,True,False
187,2004-03-02 22:38:16.776717,22.175310973401842,False,True,False
188,2004-03-02 23:08:16.776717,17.641664024330748,False,True,False
189,2004-03-02 23:38:16.776717,20.342959457037367,False,True,False
190,2004-03-03 00:08:16.776717,15.697381795039476,False,True,False
191,2004-03-03 00:38:16.776717,19.98405335446767,False,True,False
192,2004-03-03 01:08:16.776717,20.508126394558577,False,True,False
193,2004-03-03 01:38:16.776717,19.90555768039331,False,True,False
194,2004-03-03 02:08:16.776717,18.93107349310817,False,True,False
195,2004-03-03 02:38:16.776717,19.03223002453387,False,True,False
196,2004-03-03 03:08:16.776717,16.188822814755493,False,True,False
197,2004-03-03 03:38:16.776717,19.311092316760572,False,True,False
198,2004-03-03 04:08:16.776717,18.142761940363428,False,True,False
199,2004-03-03 04:38:16.776717,19.728341942973536,False,True,False
200,2004-03-03 05:08:16.776717,20.705292000611756,False,True,False
201,2004-03-03 05:38:16.776717,20.555446682991757,False,True,False
202,2004-03-03 06:08:16.776717,17.161361585097914,False,True,False
203,2004-03-03 06:38:16.776717,17.673007021856545,False,True,False
204,2004-03-03 07:08:16.776717,21.160939470638702,False,True,False
205,2004-03-03 07:38:16.776717,24.3925002902884,False,True,False
206,2004-03-03 08:08:16.776717,23.55790891451519,False,True,False
207,2004-03-03 08:38:16.776717,24.48953030353012,False,True,False
208,2004-03-03 09:08:16.776717,25.15095014805354,False,True,False
209,2004-03-03 09:38:16.776717,24.5356,False,False,False
210,2004-03-03 10:08:16.776717,23.9084,False,False,False
211,2004-03-03 10:38:16.776717,23.928,False,False,False
212,2004-03-03 11:08:16.776717,23.781,False,False,False
213,2004-03-03 11:38:16.776717,22.9284,False,False,False
214,2004-03-03 12:08:16.776717,22.5168,False,False,False
215,2004-03-03 12:38:16.776717,22.1346,False,False,False
216,2004-03-03 13:08:16.776717,23.1146,False,False,False
217,2004-03-03 13:38:16.776717,23.4086,False,False,False
218,2004-03-03 14:08:16.776717,22.8892,False,False,False
219,2004-03-03 14:38:16.776717,23.1244,False,False,False
220,2004-03-03 15:08:16.776717,23.4478,False,False,False
221,2004-03-03 15:38:16.776717,23.1342,False,False,False
222,2004-03-03 16:08:16.776717,23.144,False,False,False
223,2004-03-03 16:38:16.776717,22.4972,False,False,False
224,2004-03-03 17:08:16.776717,22.6736,False,False,False
225,2004-03-03 17:38:16.776717,23.0068,False,False,False
226,2004-03-03 18:08:16.776717,22.948,False,False,False
227,2004-03-03 18:38:16.776717,22.6736,False,False,False
228,2004-03-03 19:08:16.776717,22.5364,False,False,False
229,2004-03-03 19:38:16.776717,22.3404,False,False,False
230,2004-03-03 20:08:16.776717,22.1542,False,False,False
231,2004-03-03 20:38:16.776717,21.9484,False,False,False
232,2004-03-03 21:08:16.776717,21.968,False,False,False
233,2004-03-03 21:38:16.776717,21.8112,False,False,False
234,2004-03-03 22:08:16.776717,21.6348,False,False,False
235,2004-03-03 22:38:16.776717,53.5725,True,False,False
236,2004-03-03 23:08:16.776717,21.3604,False,False,False
237,2004-03-03 23:38:16.776717,21.1644,False,False,False
238,2004-03-04 00:08:16.776717,21.0076,False,False,False
239,2004-03-04 00:38:16.776717,20.7234,False,False,False
240,2004-03-04 01:08:16.776717,20.449,False,False,False
241,2004-03-04 01:38:16.776717,20.1452,False,False,False
242,2004-03-04 02:08:16.776717,19.861,False,False,False
243,2004-03-04 02:38:16.776717,19.714,False,False,False
244,2004-03-04 03:08:16.776717,19.5082,False,False,False
245,2004-03-04 03:38:16.776717,19.3808,False,False,False
246,2004-03-04 04:08:16.776717,19.1848,False,False,False
247,2004-03-04 04:38:16.776717,19.0084,False,False,False
248,2004-03-04 05:08:16.776717,18.8418,False,False,False
249,2004-03-04 05:38:16.776717,18.8516,False,False,False
250,2004-03-04 06:08:16.776717,18.7536,False,False,False
251,2004-03-04 06:38:16.776717,18.6164,False,False,False
252,2004-03-04 07:08:16.776717,20.6744,False,False,False
253,2004-03-04 07:38:16.776717,22.8108,False,False,False
254,2004-03-04 08:08:16.776717,23.5458,False,False,False
255,2004-03-04 08:38:16.776717,23.4968,False,False,False
256,2004-03-04 09:08:16.776717,24.3592,False,False,False
257,2004-03-04 09:38:16.776717,24.4768,False,False,False
258,2004-03-04 10:08:16.776717,24.9668,False,False,False
259,2004-03-04 10:38:16.776717,23.6536,False,False,False
260,2004-03-04 11:08:16.776717,23.8104,False,False,False
261,2004-03-04 11:38:16.776717,23.9476,False,False,False
262,2004-03-04 12:08:16.776717,24.1044,False,False,False
263,2004-03-04 12:38:16.776717,24.5356,False,False,False
264,2004-03-04 13:08:16.776717,24.3592,False,False,False
265,2004-03-04 13:38:16.776717,24.4082,False,False,False
266,2004-03-04 14:08:16.776717,24.1044,False,False,False
267,2004-03-04 14:38:16.776717,23.3498,False,False,False
268,2004-03-04 15:08:16.776717,22.948,False,False,False
269,2004-03-04 15:38:16.776717,22.5658,False,False,False
270,2004-03-04 16:08:16.776717,22.3502,False,False,False
271,2004-03-04 16:38:16.776717,21.919,False,False,False
272,2004-03-04 17:08:16.776717,21.7132,False,False,False
273,2004-03-04 17:38:16.776717,21.5466,False,False,False
274,2004-03-04 18:08:16.776717,21.7034,False,False,False
275,2004-03-04 18:38:16.776717,21.9288,False,False,False
276,2004-03-04 19:08:16.776717,21.9092,False,False,False
277,2004-03-04 19:38:16.776717,21.7328,False,False,False
278,2004-03-04 20:08:16.776717,21.5858,False,False,False
279,2004-03-04 20:38:16.776717,21.4584,False,False,False
280,2004-03-04 21:08:16.776717,21.331,False,False,False
281,2004-03-04 21:38:16.776717,21.1938,False,False,False
282,2004-03-04 22:08:16.776717,21.0566,False,False,False
283,2004-03-04 22:38:16.776717,20.9684,False,False,False
284,2004-03-04 23:08:16.776717,20.8704,False,False,False
285,2004-03-04 23:38:16.776717,20.7724,False,False,False
286,2004-03-05 00:08:16.776717,20.6548,False,False,False
287,2004-03-05 00:38:16.776717,20.596,False,False,False
288,2004-03-05 01:08:16.776717,20.449,False,False,False
289,2004-03-05 01:38:16.776717,20.3902,False,False,False
290,2004-03-05 02:08:16.776717,20.2236,False,False,False
291,2004-03-05 02:38:16.776717,20.1648,False,False,False
292,2004-03-05 03:08:16.776717,20.0178,False,False,False
293,2004-03-05 03:38:16.776717,19.861,False,False,False
294,2004-03-05 04:08:16.776717,19.7434,False,False,False
295,2004-03-05 04:38:16.776717,19.616,False,False,False
296,2004-03-05 05:08:16.776717,19.5376,False,False,False
297,2004-03-05 05:38:16.776717,19.4886,False,False,False
298,2004-03-05 06:08:16.776717,19.4886,False,False,False
299,2004-03-05 06:38:16.776717,19.4494,False,False,False
300,2004-03-05 07:08:16.776717,22.311,False,False,False
301,2004-03-05 07:38:16.776717,24.1632,False,False,False
302,2004-03-05 08:08:16.776717,23.928,False,False,False
303,2004-03-05 08:38:16.776717,24.7316,False,False,False
304,2004-03-05 09:08:16.776717,23.4674,False,False,False
305,2004-03-05 09:38:16.776717,23.0068,False,False,False
306,2004-03-05 10:08:16.776717,23.1636,False,False,False
307,2004-03-05 10:38:16.776717,22.9774,False,False,False
308,2004-03-05 11:08:16.776717,22.5364,False,False,False
309,2004-03-05 11:38:16.776717,22.5364,False,False,False
310,2004-03-05 12:08:16.776717,22.1836,False,False,False
311,2004-03-05 12:38:16.776717,22.3404,False,False,False
312,2004-03-05 13:08:16.776717,22.8206,False,False,False
313,2004-03-05 13:38:16.776717,23.046,False,False,False
314,2004-03-05 14:08:16.776717,22.9676,False,False,False
315,2004-03-05 14:38:16.776717,22.8206,False,False,False
316,2004-03-05 15:08:16.776717,22.6344,False,False,False
317,2004-03-05 15:38:16.776717,22.6344,False,False,False
318,2004-03-05 16:08:16.776717,22.4384,False,False,False
319,2004-03-05 16:38:16.776717,22.262,False,False,False
320,2004-03-05 17:08:16.776717,22.0268,False,False,False
321,2004-03-05 17:38:16.776717,21.87,False,False,False
322,2004-03-05 18:08:16.776717,22.0072,False,False,False
323,2004-03-05 18:38:16.776717,22.017,False,False,False
324,2004-03-05 19:08:16.776717,21.9974,False,False,False
325,2004-03-05 19:38:16.776717,21.8112,False,False,False
326,2004-03-05 20:08:16.776717,21.6544,False,False,False
327,2004-03-05 20:38:16.776717,21.5368,False,False,False
328,2004-03-05 21:08:16.776717,21.331,False,False,False
329,2004-03-05 21:38:16.776717,21.1644,False,False,False
330,2004-03-05 22:08:16.776717,21.184,False,False,False
331,2004-03-05 22:38:16.776717,21.0566,False,False,False
332,2004-03-05 23:08:16.776717,20.988,False,False,False
333,2004-03-05 23:38:16.776717,20.9096,False,False,False
334,2004-03-06 00:08:16.776717,20.7626,False,False,False
335,2004-03-06 00:38:16.776717,20.596,False,False,False
336,2004-03-06 01:08:16.776717,20.4392,False,False,False
337,2004-03-06 01:38:16.776717,20.3216,False,False,False
338,2004-03-06 02:08:16.776717,20.1648,False,False,False
339,2004-03-06 02:38:16.776717,20.106,False,False,False
340,2004-03-06 03:08:16.776717,20.008,False,False,False
341,2004-03-06 03:38:16.776717,19.9884,False,False,False
342,2004-03-06 04:08:16.776717,19.9198,False,False,False
343,2004-03-06 04:38:16.776717,19.8512,False,False,False
344,2004-03-06 05:08:16.776717,19.763,False,False,False
345,2004-03-06 05:38:16.776717,19.6846,False,False,False
346,2004-03-06 06:08:16.776717,19.5768,False,False,False
347,2004-03-06 06:38:16.776717,19.4788,False,False,False
348,2004-03-06 07:08:16.776717,19.4102,False,False,False
349,2004-03-06 07:38:16.776717,19.6062,False,False,False
350,2004-03-06 08:08:16.776717,20.008,False,False,False
351,2004-03-06 08:38:16.776717,21.1644,False,False,False
352,2004-03-06 09:08:16.776717,22.2228,False,False,False
353,2004-03-06 09:38:16.776717,22.6736,False,False,False
354,2004-03-06 10:08:16.776717,23.6928,False,False,False
355,2004-03-06 10:38:16.776717,24.3788,False,False,False
356,2004-03-06 11:08:16.776717,24.8296,False,False,False
357,2004-03-06 11:38:16.776717,25.4176,False,False,False
358,2004-03-06 12:08:16.776717,25.7508,False,False,False
359,2004-03-06 12:38:16.776717,25.8292,False,False,False
360,2004-03-06 13:08:16.776717,26.0252,False,False,False
361,2004-03-06 13:38:16.776717,26.182,False,False,False
362,2004-03-06 14:08:16.776717,25.8194,False,False,False
363,2004-03-06 14:38:16.776717,25.496,False,False,False
364,2004-03-06 15:08:16.776717,25.5548,False,False,False
365,2004-03-06 15:38:16.776717,25.496,False,False,False
366,2004-03-06 16:08:16.776717,25.1922,False,False,False
367,2004-03-06 16:38:16.776717,25.0354,False,False,False
368,2004-03-06 17:08:16.776717,24.8884,False,False,False
369,2004-03-06 17:38:16.776717,24.4376,False,False,False
370,2004-03-06 18:08:16.776717,23.9084,False,False,False
371,2004-03-06 18:38:16.776717,23.536,False,False,False
372,2004-03-06 19:08:16.776717,23.242,False,False,False
373,2004-03-06 19:38:16.776717,22.9676,False,False,False
374,2004-03-06 20:08:16.776717,22.8108,False,False,False
375,2004-03-06 20:38:16.776717,22.6148,False,False,False
376,2004-03-06 21:08:16.776717,22.4776,False,False,False
377,2004-03-06 21:38:16.776717,22.3502,False,False,False
378,2004-03-06 22:08:16.776717,22.1836,False,False,False
379,2004-03-06 22:38:16.776717,21.9974,False,False,False
380,2004-03-06 23:08:16.776717,21.8112,False,False,False
381,2004-03-06 23:38:16.776717,21.6348,False,False,False
382,2004-03-07 00:08:16.776717,21.4976,False,False,False
383,2004-03-07 00:38:16.776717,21.3996,False,False,False
384,2004-03-07 01:08:16.776717,21.282,False,False,False
385,2004-03-07 01:38:16.776717,21.1742,False,False,False
386,2004-03-07 02:08:16.776717,20.9684,False,False,False
387,2004-03-07 02:38:16.776717,20.8312,False,False,False
388,2004-03-07 03:08:16.776717,20.8018,False,False,False
389,2004-03-07 03:38:16.776717,20.7136,False,False,False
390,2004-03-07 04:08:16.776717,20.6058,False,False,False
391,2004-03-07 04:38:16.776717,20.4,False,False,False
392,2004-03-07 05:08:16.776717,20.3608,False,False,False
393,2004-03-07 05:38:16.776717,20.2726,False,False,False
394,2004-03-07 06:08:16.776717,20.1844,False,False,False
395,2004-03-07 06:38:16.776717,20.1354,False,False,False
396,2004-03-07 07:08:16.776717,20.0864,False,False,False
397,2004-03-07 07:38:16.776717,20.3902,False,False,False
398,2004-03-07 08:08:16.776717,21.135,False,False,False
399,2004-03-07 08:38:16.776717,22.1444,False,False,False
400,2004-03-07 09:08:16.776717,22.9676,False,False,False
401,2004-03-07 09:38:16.776717,23.6928,False,False,False
402,2004-03-07 10:08:16.776717,24.4866,False,False,False
403,2004-03-07 10:38:16.776717,25.104,False,False,False
404,2004-03-07 11:08:16.776717,25.545,False,False,False
405,2004-03-07 11:38:16.776717,26.035,False,False,False
406,2004-03-07 12:08:16.776717,26.4368,False,False,False
407,2004-03-07 12:38:16.776717,26.8974,False,False,False
408,2004-03-07 13:08:16.776717,27.2404,False,False,False
409,2004-03-07 13:38:16.776717,27.4168,False,False,False
410,2004-03-07 14:08:16.776717,27.064,False,False,False
411,2004-03-07 14:38:16.776717,26.9464,False,False,False
412,2004-03-07 15:08:16.776717,27.064,False,False,False
413,2004-03-07 15:38:16.776717,26.966,False,False,False
414,2004-03-07 16:08:16.776717,26.9856,False,False,False
415,2004-03-07 16:38:16.776717,26.8484,False,False,False
416,2004-03-07 17:08:16.776717,26.4956,False,False,False
417,2004-03-07 17:38:16.776717,26.0252,False,False,False
418,2004-03-07 18:08:16.776717,25.5352,False,False,False
419,2004-03-07 18:38:16.776717,24.9668,False,False,False
420,2004-03-07 19:08:16.776717,24.6042,False,False,False
421,2004-03-07 19:38:16.776717,24.2906,False,False,False
422,2004-03-07 20:08:16.776717,24.0358,False,False,False
423,2004-03-07 20:38:16.776717,23.8202,False,False,False
424,2004-03-07 21:08:16.776717,23.6438,False,False,False
425,2004-03-07 21:38:16.776717,23.4772,False,False,False
426,2004-03-07 22:08:16.776717,23.34,False,False,False
427,2004-03-07 22:38:16.776717,23.242,False,False,False
428,2004-03-07 23:08:16.776717,23.1244,False,False,False
429,2004-03-07 23:38:16.776717,23.0068,False,False,False
430,2004-03-08 00:08:16.776717,22.9088,False,False,False
431,2004-03-08 00:38:16.776717,22.752,False,False,False
432,2004-03-08 01:08:16.776717,22.752,False,False,False
433,2004-03-08 01:38:16.776717,22.4776,False,False,False
434,2004-03-08 02:08:16.776717,22.3894,False,False,False
435,2004-03-08 02:38:16.776717,22.2816,False,False,False
436,2004-03-08 03:08:16.776717,22.1346,False,False,False
437,2004-03-08 03:38:16.776717,22.0464,False,False,False
438,2004-03-08 04:08:16.776717,21.919,False,False,False
439,2004-03-08 04:38:16.776717,32.7168,True,False,False
440,2004-03-08 05:08:16.776717,21.7034,False,False,False
441,2004-03-08 05:38:16.776717,21.6348,False,False,False
442,2004-03-08 06:08:16.776717,21.576,False,False,False
443,2004-03-08 06:38:16.776717,21.5368,False,False,False
444,2004-03-08 07:08:16.776717,23.7222,False,False,False
445,2004-03-08 07:38:16.776717,24.0848,False,False,False
446,2004-03-08 08:08:16.776717,23.1244,False,False,False
447,2004-03-08 08:38:16.776717,23.7026,False,False,False
448,2004-03-08 09:08:16.776717,23.879,False,False,False
449,2004-03-08 09:38:16.776717,24.4082,False,False,False
450,2004-03-08 10:08:16.776717,24.3788,False,False,False
451,2004-03-08 10:38:16.776717,22.36,False,False,False
452,2004-03-08 11:08:16.776717,22.4188,False,False,False
453,2004-03-08 11:38:16.776717,22.4972,False,False,False
454,2004-03-08 12:08:16.776717,22.5952,False,False,False
455,2004-03-08 12:38:16.776717,22.6834,False,False,False
456,2004-03-08 13:08:16.776717,22.8108,False,False,False
457,2004-03-08 13:38:16.776717,22.6344,False,False,False
458,2004-03-08 14:08:16.776717,22.5952,False,False,False
459,2004-03-08 14:38:16.776717,22.7128,False,False,False
460,2004-03-08 15:08:16.776717,22.7324,False,False,False
461,2004-03-08 15:38:16.776717,22.475211664659618,False,True,False
462,2004-03-08 16:08:16.776717,24.118132404740646,False,True,False
463,2004-03-08 16:38:16.776717,21.022937210910644,False,True,False
464,2004-03-08 17:08:16.776717,21.38895325328371,False,True,False
465,2004-03-08 17:38:16.776717,20.782903698562777,False,True,False
466,2004-03-08 18:08:16.776717,23.73620815620269,False,True,False
467,2004-03-08 18:38:16.776717,21.148839289595855,False,True,False
468,2004-03-08 19:08:16.776717,23.099531261924437,False,True,False
469,2004-03-08 19:38:16.776717,22.779560595197083,False,True,False
470,2004-03-08 20:08:16.776717,24.13456276147652,False,True,False
471,2004-03-08 20:38:16.776717,24.100136918184653,False,True,False
472,2004-03-08 21:08:16.776717,23.50504373315727,False,True,False
473,2004-03-08 21:38:16.776717,23.896871600917983,False,True,False
474,2004-03-08 22:08:16.776717,22.013159966445574,False,True,False
475,2004-03-08 22:38:16.776717,22.723520666233313,False,True,False
476,2004-03-08 23:08:16.776717,21.734662517828315,False,True,False
477,2004-03-08 23:38:16.776717,21.915726914300155,False,True,False
478,2004-03-09 00:08:16.776717,22.115601010994848,False,True,False
479,2004-03-09 00:38:16.776717,22.908971156132832,False,True,False
480,2004-03-09 01:08:16.776717,21.06174421066519,False,True,False
481,2004-03-09 01:38:16.776717,22.48177490881194,False,True,False
482,2004-03-09 02:08:16.776717,23.331858575784537,False,True,False
483,2004-03-09 02:38:16.776717,22.416093719788574,False,True,False
484,2004-03-09 03:08:16.776717,22.578027896924727,False,True,False
485,2004-03-09 03:38:16.776717,22.41260186148724,False,True,False
486,2004-03-09 04:08:16.776717,21.48571462373021,False,True,False
487,2004-03-09 04:38:16.776717,20.493872842961867,False,True,False
488,2004-03-09 05:08:16.776717,21.838237987034816,False,True,False
489,2004-03-09 05:38:16.776717,19.970189121214162,False,True,False
490,2004-03-09 06:08:16.776717,21.433892162766853,False,True,False
491,2004-03-09 06:38:16.776717,18.209397401786575,False,True,False
492,2004-03-09 07:08:16.776717,21.483222210939022,False,True,False
493,2004-03-09 07:38:16.776717,25.31523264176074,False,True,False
494,2004-03-09 08:08:16.776717,21.72963840252173,False,True,False
495,2004-03-09 08:38:16.776717,23.769257592680514,False,True,False
496,2004-03-09 09:08:16.776717,22.799538399058687,False,True,False
497,2004-03-09 09:38:16.776717,22.34879691843727,False,True,False
498,2004-03-09 10:08:16.776717,22.296374660734454,False,True,False
499,2004-03-09 10:38:16.776717,20.28948966425145,False,True,False
500,2004-03-09 11:08:16.776717,23.37849486752975,False,True,False
501,2004-03-09 11:38:16.776717,22.304664829498762,False,True,False
502,2004-03-09 12:08:16.776717,20.583392457958258,False,True,False
503,2004-03-09 12:38:16.776717,21.5337658439816,False,True,False
504,2004-03-09 13:08:16.776717,22.375411421862445,False,True,False
505,2004-03-09 13:38:16.776717,24.487398153067094,False,True,False
506,2004-03-09 14:08:16.776717,23.498440458884552,False,True,False
507,2004-03-09 14:38:16.776717,23.904113604007122,False,True,False
508,2004-03-09 15:08:16.776717,22.96808809634808,False,True,False
509,2004-03-09 15:38:16.776717,21.782412848558597,False,True,False
510,2004-03-09 16:08:16.776717,21.42237720132927,False,True,False
511,2004-03-09 16:38:16.776717,22.0758,False,False,False
512,2004-03-09 17:08:16.776717,21.9876,False,False,False
513,2004-03-09 17:38:16.776717,21.8112,False,False,False
514,2004-03-09 18:08:16.776717,22.0562,False,False,False
515,2004-03-09 18:38:16.776717,22.9284,False,False,False
516,2004-03-09 19:08:16.776717,22.9774,False,False,False
517,2004-03-09 19:38:16.776717,22.899,False,False,False
518,2004-03-09 20:08:16.776717,22.8304,False,False,False
519,2004-03-09 20:38:16.776717,22.9284,False,False,False
520,2004-03-09 21:08:16.776717,22.85,False,False,False
521,2004-03-09 21:38:16.776717,22.7128,False,False,False
522,2004-03-09 22:08:16.776717,22.654,False,False,False
523,2004-03-09 22:38:16.776717,22.703,False,False,False
524,2004-03-09 23:08:16.776717,22.654,False,False,False
525,2004-03-09 23:38:16.776717,22.5854,False,False,False
526,2004-03-10 00:08:16.776717,22.5266,False,False,False
527,2004-03-10 00:38:16.776717,22.4874,False,False,False
528,2004-03-10 01:08:16.776717,22.3208,False,False,False
529,2004-03-10 01:38:16.776717,22.1346,False,False,False
530,2004-03-10 02:08:16.776717,21.9386,False,False,False
531,2004-03-10 02:38:16.776717,21.8112,False,False,False
532,2004-03-10 03:08:16.776717,21.7426,False,False,False
533,2004-03-10 03:38:16.776717,21.6936,False,False,False
534,2004-03-10 04:08:16.776717,21.6544,False,False,False
535,2004-03-10 04:38:16.776717,21.576,False,False,False
536,2004-03-10 05:08:16.776717,21.4976,False,False,False
537,2004-03-10 05:38:16.776717,21.478,False,False,False
538,2004-03-10 06:08:16.776717,21.4584,False,False,False
539,2004-03-10 06:38:16.776717,21.4682,False,False,False
540,2004-03-10 07:08:16.776717,23.3204,False,False,False
541,2004-03-10 07:38:16.776717,23.487,False,False,False
542,2004-03-10 08:08:16.776717,23.7516,False,False,False
543,2004-03-10 08:38:16.776717,23.3106,False,False,False
544,2004-03-10 09:08:16.776717,23.1636,False,False,False
545,2004-03-10 09:38:16.776717,23.1636,False,False,False
546,2004-03-10 10:08:16.776717,23.1636,False,False,False
547,2004-03-10 10:38:16.776717,23.1636,False,False,False
548,2004-03-10 11:08:16.776717,23.1636,False,False,False
549,2004-03-10 11:38:16.776717,23.1636,False,False,False
550,2004-03-10 12:08:16.776717,23.1636,False,False,False
551,2004-03-10 12:38:16.776717,23.1636,False,False,False
552,2004-03-10 13:08:16.776717,23.1636,False,False,False
553,2004-03-10 13:38:16.776717,23.1636,False,False,False
554,2004-03-10 14:08:16.776717,23.1636,False,False,False
555,2004-03-10 14:38:16.776717,23.1636,False,False,False
556,2004-03-10 15:08:16.776717,23.1636,False,False,False
557,2004-03-10 15:38:16.776717,23.1636,False,False,False
558,2004-03-10 16:08:16.776717,23.1636,False,False,False
559,2004-03-10 16:38:16.776717,23.1636,False,False,False
560,2004-03-10 17:08:16.776717,23.1636,False,False,False
561,2004-03-10 17:38:16.776717,23.1636,False,False,False
562,2004-03-10 18:08:16.776717,23.1636,False,False,False
563,2004-03-10 18:38:16.776717,23.1636,False,False,False
564,2004-03-10 19:08:16.776717,23.1636,False,False,False
565,2004-03-10 19:38:16.776717,23.1636,False,False,False
566,2004-03-10 20:08:16.776717,23.1636,False,False,False
567,2004-03-10 20:38:16.776717,23.1636,False,False,False
568,2004-03-10 21:08:16.776717,23.1636,False,False,False
569,2004-03-10 21:38:16.776717,23.1636,False,False,False
570,2004-03-10 22:08:16.776717,23.1636,False,False,False
571,2004-03-10 22:38:16.776717,23.1636,False,False,False
572,2004-03-10 23:08:16.776717,23.1636,False,False,False
573,2004-03-10 23:38:16.776717,23.1636,False,False,False
574,2004-03-11 00:08:16.776717,23.1636,False,False,False
575,2004-03-11 00:38:16.776717,23.1636,False,False,False
576,2004-03-11 01:08:16.776717,23.1636,False,False,False
577,2004-03-11 01:38:16.776717,23.1636,False,False,False
578,2004-03-11 02:08:16.776717,23.1636,False,False,False
579,2004-03-11 02:38:16.776717,23.1636,False,False,False
580,2004-03-11 03:08:16.776717,23.1636,False,False,False
581,2004-03-11 03:38:16.776717,23.1636,False,False,False
582,2004-03-11 04:08:16.776717,23.1636,False,False,False
583,2004-03-11 04:38:16.776717,23.1636,False,False,False
584,2004-03-11 05:08:16.776717,23.1636,False,False,False
585,2004-03-11 05:38:16.776717,23.1636,False,False,False
586,2004-03-11 06:08:16.776717,23.1636,False,False,False
587,2004-03-11 06:38:16.776717,23.1636,False,False,False
588,2004-03-11 07:08:16.776717,23.1636,False,False,False
589,2004-03-11 07:38:16.776717,23.1636,False,False,False
590,2004-03-11 08:08:16.776717,23.1636,False,False,False
591,2004-03-11 08:38:16.776717,23.1636,False,False,False
592,2004-03-11 09:08:16.776717,23.1636,False,False,False
593,2004-03-11 09:38:16.776717,22.9578,False,False,False
594,2004-03-11 10:08:16.776717,22.3502,False,False,False
595,2004-03-11 10:38:16.776717,22.6344,False,False,False
596,2004-03-11 11:08:16.776717,22.948,False,False,False
597,2004-03-11 11:38:16.776717,22.7324,False,False,False
598,2004-03-11 12:08:16.776717,22.8892,False,False,False
599,2004-03-11 12:38:16.776717,22.8794,False,False,False
600,2004-03-11 13:08:16.776717,23.1146,False,False,False
601,2004-03-11 13:38:16.776717,22.9872,False,False,False
602,2004-03-11 14:08:16.776717,22.997,False,False,False
603,2004-03-11 14:38:16.776717,22.9284,False,False,False
604,2004-03-11 15:08:16.776717,22.6638,False,False,False
605,2004-03-11 15:38:16.776717,22.6834,False,False,False
606,2004-03-11 16:08:16.776717,22.4384,False,False,False
607,2004-03-11 16:38:16.776717,22.0856,False,False,False
608,2004-03-11 17:08:16.776717,21.8112,False,False,False
609,2004-03-11 17:38:16.776717,21.7328,False,False,False
610,2004-03-11 18:08:16.776717,22.0366,False,False,False
611,2004-03-11 18:38:16.776717,22.9186,False,False,False
612,2004-03-11 19:08:16.776717,23.0264,False,False,False
613,2004-03-11 19:38:16.776717,22.9676,False,False,False
614,2004-03-11 20:08:16.776717,22.9186,False,False,False
615,2004-03-11 20:38:16.776717,22.8304,False,False,False
616,2004-03-11 21:08:16.776717,22.7226,False,False,False
617,2004-03-11 21:38:16.776717,22.6736,False,False,False
618,2004-03-11 22:08:16.776717,22.556,False,False,False
619,2004-03-11 22:38:16.776717,22.3992,False,False,False
620,2004-03-11 23:08:16.776717,22.2816,False,False,False
621,2004-03-11 23:38:16.776717,22.115,False,False,False
622,2004-03-12 00:08:16.776717,21.8406,False,False,False
623,2004-03-12 00:38:16.776717,21.5564,False,False,False
624,2004-03-12 01:08:16.776717,21.3408,False,False,False
625,2004-03-12 01:38:16.776717,21.1644,False,False,False
626,2004-03-12 02:08:16.776717,21.0076,False,False,False
627,2004-03-12 02:38:16.776717,20.8802,False,False,False
628,2004-03-12 03:08:16.776717,20.7528,False,False,False
629,2004-03-12 03:38:16.776717,20.6548,False,False,False
630,2004-03-12 04:08:16.776717,20.5274,False,False,False
631,2004-03-12 04:38:16.776717,20.351,False,False,False
632,2004-03-12 05:08:16.776717,20.2236,False,False,False
633,2004-03-12 05:38:16.776717,20.1648,False,False,False
634,2004-03-12 06:08:16.776717,20.106,False,False,False
635,2004-03-12 06:38:16.776717,20.0864,False,False,False
636,2004-03-12 07:08:16.776717,20.8116,False,False,False
637,2004-03-12 07:38:16.776717,21.3408,False,False,False
638,2004-03-12 08:08:16.776717,20.89,False,False,False
639,2004-03-12 08:38:16.776717,21.233,False,False,False
640,2004-03-12 09:08:16.776717,21.6544,False,False,False
641,2004-03-12 09:38:16.776717,22.2522,False,False,False
642,2004-03-12 10:08:16.776717,22.4384,False,False,False
643,2004-03-12 10:38:16.776717,22.5364,False,False,False
644,2004-03-12 11:08:16.776717,22.9676,False,False,False
645,2004-03-12 11:38:16.776717,22.8892,False,False,False
646,2004-03-12 12:08:16.776717,22.5756,False,False,False
647,2004-03-12 12:38:16.776717,22.5168,False,False,False
648,2004-03-12 13:08:16.776717,22.3894,False,False,False
649,2004-03-12 13:38:16.776717,22.2326,False,False,False
650,2004-03-12 14:08:16.776717,22.2228,False,False,False
651,2004-03-12 14:38:16.776717,22.1836,False,False,False
652,2004-03-12 15:08:16.776717,22.3404,False,False,False
653,2004-03-12 15:38:16.776717,22.2522,False,False,False
654,2004-03-12 16:08:16.776717,22.1346,False,False,False
655,2004-03-12 16:38:16.776717,22.2522,False,False,False
656,2004-03-12 17:08:16.776717,21.968,False,False,False
657,2004-03-12 17:38:16.776717,21.9386,False,False,False
658,2004-03-12 18:08:16.776717,22.164,False,False,False
659,2004-03-12 18:38:16.776717,22.4188,False,False,False
660,2004-03-12 19:08:16.776717,22.36,False,False,False
661,2004-03-12 19:38:16.776717,22.3208,False,False,False
662,2004-03-12 20:08:16.776717,22.1836,False,False,False
663,2004-03-12 20:38:16.776717,22.0366,False,False,False
664,2004-03-12 21:08:16.776717,21.8896,False,False,False
665,2004-03-12 21:38:16.776717,21.8112,False,False,False
666,2004-03-12 22:08:16.776717,21.7328,False,False,False
667,2004-03-12 22:38:16.776717,21.5564,False,False,False
668,2004-03-12 23:08:16.776717,21.4192,False,False,False
669,2004-03-12 23:38:16.776717,21.282,False,False,False
670,2004-03-13 00:08:16.776717,21.1644,False,False,False
671,2004-03-13 00:38:16.776717,21.0566,False,False,False
672,2004-03-13 01:08:16.776717,20.9586,False,False,False
673,2004-03-13 01:38:16.776717,20.8802,False,False,False
674,2004-03-13 02:08:16.776717,20.792,False,False,False
675,2004-03-13 02:38:16.776717,20.7626,False,False,False
676,2004-03-13 03:08:16.776717,20.6254,False,False,False
677,2004-03-13 03:38:16.776717,20.596,False,False,False
678,2004-03-13 04:08:16.776717,20.5568,False,False,False
679,2004-03-13 04:38:16.776717,20.4392,False,False,False
680,2004-03-13 05:08:16.776717,20.351,False,False,False
681,2004-03-13 05:38:16.776717,20.3216,False,False,False
682,2004-03-13 06:08:16.776717,20.2628,False,False,False
683,2004-03-13 06:38:16.776717,20.253,False,False,False
684,2004-03-13 07:08:16.776717,101.41199999999999,True,False,False
685,2004-03-13 07:38:16.776717,20.8312,False,False,False
686,2004-03-13 08:08:16.776717,22.0464,False,False,False
687,2004-03-13 08:38:16.776717,23.0264,False,False,False
688,2004-03-13 09:08:16.776717,23.977,False,False,False
689,2004-03-13 09:38:16.776717,24.7806,False,False,False
690,2004-03-13 10:08:16.776717,25.7508,False,False,False
691,2004-03-13 10:38:16.776717,26.2506,False,False,False
692,2004-03-13 11:08:16.776717,26.672,False,False,False
693,2004-03-13 11:38:16.776717,27.0542,False,False,False
694,2004-03-13 12:08:16.776717,27.2698,False,False,False
695,2004-03-13 12:38:16.776717,27.554,False,False,False
696,2004-03-13 13:08:16.776717,27.6716,False,False,False
697,2004-03-13 13:38:16.776717,27.1914,False,False,False
698,2004-03-13 14:08:16.776717,26.868,False,False,False
699,2004-03-13 14:38:16.776717,26.8288,False,False,False
700,2004-03-13 15:08:16.776717,27.0052,False,False,False
701,2004-03-13 15:38:16.776717,26.819,False,False,False
702,2004-03-13 16:08:16.776717,26.7406,False,False,False
703,2004-03-13 16:38:16.776717,26.4466,False,False,False
704,2004-03-13 17:08:16.776717,25.9272,False,False,False
705,2004-03-13 17:38:16.776717,25.4176,False,False,False
706,2004-03-13 18:08:16.776717,24.8394,False,False,False
707,2004-03-13 18:38:16.776717,24.2416,False,False,False
708,2004-03-13 19:08:16.776717,23.8104,False,False,False
709,2004-03-13 19:38:16.776717,23.4968,False,False,False
710,2004-03-13 20:08:16.776717,23.242,False,False,False
711,2004-03-13 20:38:16.776717,22.9774,False,False,False
712,2004-03-13 21:08:16.776717,22.7422,False,False,False
713,2004-03-13 21:38:16.776717,22.507,False,False,False
714,2004-03-13 22:08:16.776717,22.3208,False,False,False
715,2004-03-13 22:38:16.776717,22.0954,False,False,False
716,2004-03-13 23:08:16.776717,21.968,False,False,False
717,2004-03-13 23:38:16.776717,21.8112,False,False,False
718,2004-03-14 00:08:16.776717,21.6642,False,False,False
719,2004-03-14 00:38:16.776717,21.5662,False,False,False
720,2004-03-14 01:08:16.776717,21.4192,False,False,False
721,2004-03-14 01:38:16.776717,21.3016,False,False,False
722,2004-03-14 02:08:16.776717,21.1644,False,False,False
723,2004-03-14 02:38:16.776717,21.0174,False,False,False
724,2004-03-14 03:08:16.776717,20.9096,False,False,False
725,2004-03-14 03:38:16.776717,20.7724,False,False,False
726,2004-03-14 04:08:16.776717,20.6646,False,False,False
727,2004-03-14 04:38:16.776717,20.5568,False,False,False
728,2004-03-14 05:08:16.776717,20.4196,False,False,False
729,2004-03-14 05:38:16.776717,20.3216,False,False,False
730,2004-03-14 06:08:16.776717,20.2334,False,False,False
731,2004-03-14 06:38:16.776717,20.1158,False,False,False
732,2004-03-14 07:08:16.776717,20.1648,False,False,False
733,2004-03-14 07:38:16.776717,20.4294,False,False,False
734,2004-03-14 08:08:16.776717,21.2624,False,False,False
735,2004-03-14 08:38:16.776717,22.3208,False,False,False
736,2004-03-14 09:08:16.776717,23.2224,False,False,False
737,2004-03-14 09:38:16.776717,24.0456,False,False,False
738,2004-03-14 10:08:16.776717,24.8394,False,False,False
739,2004-03-14 10:38:16.776717,25.5156,False,False,False
740,2004-03-14 11:08:16.776717,25.8194,False,False,False
741,2004-03-14 11:38:16.776717,26.4074,False,False,False
742,2004-03-14 12:08:16.776717,26.7896,False,False,False
743,2004-03-14 12:38:16.776717,27.162,False,False,False
744,2004-03-14 13:08:16.776717,27.407,False,False,False
745,2004-03-14 13:38:16.776717,27.2796,False,False,False
746,2004-03-14 14:08:16.776717,27.1228,False,False,False
747,2004-03-14 14:38:16.776717,26.9954,False,False,False
748,2004-03-14 15:08:16.776717,27.1522,False,False,False
749,2004-03-14 15:38:16.776717,27.2698,False,False,False
750,2004-03-14 16:08:16.776717,26.7308,False,False,False
751,2004-03-14 16:38:16.776717,26.4858,False,False,False
752,2004-03-14 17:08:16.776717,24.0456,False,False,False
753,2004-03-14 17:38:16.776717,21.4486,False,False,False
754,2004-03-14 18:08:16.776717,21.87,False,False,False
755,2004-03-14 18:38:16.776717,22.164,False,False,False
756,2004-03-14 19:08:16.776717,21.9974,False,False,False
757,2004-03-14 19:38:16.776717,22.703,False,False,False
758,2004-03-14 20:08:16.776717,22.3698,False,False,False
759,2004-03-14 20:38:16.776717,22.7716,False,False,False
760,2004-03-14 21:08:16.776717,22.2326,False,False,False
761,2004-03-14 21:38:16.776717,22.3992,False,False,False
762,2004-03-14 22:08:16.776717,22.1248,False,False,False
763,2004-03-14 22:38:16.776717,22.2424,False,False,False
764,2004-03-14 23:08:16.776717,21.4192,False,False,False
765,2004-03-14 23:38:16.776717,21.5956,False,False,False
766,2004-03-15 00:08:16.776717,21.5662,False,False,False
767,2004-03-15 00:38:16.776717,21.527,False,False,False
768,2004-03-15 01:08:16.776717,21.478,False,False,False
769,2004-03-15 01:38:16.776717,21.4682,False,False,False
770,2004-03-15 02:08:16.776717,21.429,False,False,False
771,2004-03-15 02:38:16.776717,21.429,False,False,False
772,2004-03-15 03:08:16.776717,21.3702,False,False,False
773,2004-03-15 03:38:16.776717,21.3212,False,False,False
774,2004-03-15 04:08:16.776717,21.233,False,False,False
775,2004-03-15 04:38:16.776717,21.2036,False,False,False
776,2004-03-15 05:08:16.776717,21.1154,False,False,False
777,2004-03-15 05:38:16.776717,21.086,False,False,False
778,2004-03-15 06:08:16.776717,21.0762,False,False,False
779,2004-03-15 06:38:16.776717,21.086,False,False,False
780,2004-03-15 07:08:16.776717,22.9676,False,False,False
781,2004-03-15 07:38:16.776717,23.2616,False,False,False
782,2004-03-15 08:08:16.776717,23.7418,False,False,False
783,2004-03-15 08:38:16.776717,23.585,False,False,False
784,2004-03-15 09:08:16.776717,22.8696,False,False,False
785,2004-03-15 09:38:16.776717,22.899,False,False,False
786,2004-03-15 10:08:16.776717,22.2522,False,False,False
787,2004-03-15 10:38:16.776717,21.9484,False,False,False
788,2004-03-15 11:08:16.776717,22.2032,False,False,False
789,2004-03-15 11:38:16.776717,22.2816,False,False,False
790,2004-03-15 12:08:16.776717,22.6246,False,False,False
791,2004-03-15 12:38:16.776717,22.458,False,False,False
792,2004-03-15 13:08:16.776717,22.5266,False,False,False
793,2004-03-15 13:38:16.776717,22.4482,False,False,False
794,2004-03-15 14:08:16.776717,22.4188,False,False,False
795,2004-03-15 14:38:16.776717,22.0954,False,False,False
796,2004-03-15 15:08:16.776717,21.8112,False,False,False
797,2004-03-15 15:38:16.776717,22.0562,False,False,False
798,2004-03-15 16:08:16.776717,24.6826,False,False,False
799,2004-03-15 16:38:16.776717,24.6826,False,False,False
800,2004-03-15 17:08:16.776717,24.6826,False,False,False
801,2004-03-15 17:38:16.776717,24.6826,False,False,False
802,2004-03-15 18:08:16.776717,24.6826,False,False,False
803,2004-03-15 18:38:16.776717,24.6826,False,False,False
804,2004-03-15 19:08:16.776717,24.6826,False,False,False
805,2004-03-15 19:38:16.776717,24.6826,False,False,False
806,2004-03-15 20:08:16.776717,24.6826,False,False,False
807,2004-03-15 20:38:16.776717,24.6826,False,False,False
808,2004-03-15 21:08:16.776717,24.6826,False,False,False
809,2004-03-15 21:38:16.776717,24.6826,False,False,False
810,2004-03-15 22:08:16.776717,24.6826,False,False,False
811,2004-03-15 22:38:16.776717,24.6826,False,False,False
812,2004-03-15 23:08:16.776717,24.6826,False,False,False
813,2004-03-15 23:38:16.776717,24.6826,False,False,False
814,2004-03-16 00:08:16.776717,24.6826,False,False,False
815,2004-03-16 00:38:16.776717,24.6826,False,False,False
816,2004-03-16 01:08:16.776717,24.6826,False,False,False
817,2004-03-16 01:38:16.776717,24.6826,False,False,False
818,2004-03-16 02:08:16.776717,24.6826,False,False,False
819,2004-03-16 02:38:16.776717,24.6826,False,False,False
820,2004-03-16 03:08:16.776717,24.6826,False,False,False
821,2004-03-16 03:38:16.776717,24.6826,False,False,False
822,2004-03-16 04:08:16.776717,24.6826,False,False,False
823,2004-03-16 04:38:16.776717,24.6826,False,False,False
824,2004-03-16 05:08:16.776717,24.6826,False,False,False
825,2004-03-16 05:38:16.776717,24.6826,False,False,False
826,2004-03-16 06:08:16.776717,24.6826,False,False,False
827,2004-03-16 06:38:16.776717,24.6826,False,False,False
828,2004-03-16 07:08:16.776717,24.6826,False,False,False
829,2004-03-16 07:38:16.776717,24.6826,False,False,False
830,2004-03-16 08:08:16.776717,24.6826,False,False,False
831,2004-03-16 08:38:16.776717,24.6826,False,False,False
832,2004-03-16 09:08:16.776717,24.6826,False,False,False
833,2004-03-16 09:38:16.776717,24.6826,False,False,False
834,2004-03-16 10:08:16.776717,24.6826,False,False,False
835,2004-03-16 10:38:16.776717,24.6826,False,False,False
836,2004-03-16 11:08:16.776717,22.36,False,False,False
837,2004-03-16 11:38:16.776717,22.3992,False,False,False
838,2004-03-16 12:08:16.776717,22.5462,False,False,False
839,2004-03-16 12:38:16.776717,22.6246,False,False,False
840,2004-03-16 13:08:16.776717,22.605,False,False,False
841,2004-03-16 13:38:16.776717,22.556,False,False,False
842,2004-03-16 14:08:16.776717,22.4286,False,False,False
843,2004-03-16 14:38:16.776717,22.3502,False,False,False
844,2004-03-16 15:08:16.776717,22.2326,False,False,False
845,2004-03-16 15:38:16.776717,22.066,False,False,False
846,2004-03-16 16:08:16.776717,22.0366,False,False,False
847,2004-03-16 16:38:16.776717,22.0268,False,False,False
848,2004-03-16 17:08:16.776717,22.1248,False,False,False
849,2004-03-16 17:38:16.776717,22.164,False,False,False
850,2004-03-16 18:08:16.776717,22.3404,False,False,False
851,2004-03-16 18:38:16.776717,23.3596,False,False,False
852,2004-03-16 19:08:16.776717,23.5948,False,False,False
853,2004-03-16 19:38:16.776717,23.6928,False,False,False
854,2004-03-16 20:08:16.776717,23.6536,False,False,False
855,2004-03-16 20:38:16.776717,23.6536,False,False,False
856,2004-03-16 21:08:16.776717,23.6732,False,False,False
857,2004-03-16 21:38:16.776717,23.6242,False,False,False
858,2004-03-16 22:08:16.776717,23.5948,False,False,False
859,2004-03-16 22:38:16.776717,23.5752,False,False,False
860,2004-03-16 23:08:16.776717,23.5164,False,False,False
861,2004-03-16 23:38:16.776717,23.4772,False,False,False
862,2004-03-17 00:08:16.776717,23.4282,False,False,False
863,2004-03-17 00:38:16.776717,23.3792,False,False,False
864,2004-03-17 01:08:16.776717,23.3106,False,False,False
865,2004-03-17 01:38:16.776717,23.2322,False,False,False
866,2004-03-17 02:08:16.776717,23.0656,False,False,False
867,2004-03-17 02:38:16.776717,22.85,False,False,False
868,2004-03-17 03:08:16.776717,22.654,False,False,False
869,2004-03-17 03:38:16.776717,22.4874,False,False,False
870,2004-03-17 04:08:16.776717,22.2816,False,False,False
871,2004-03-17 04:38:16.776717,22.1248,False,False,False
872,2004-03-17 05:08:16.776717,22.0464,False,False,False
873,2004-03-17 05:38:16.776717,21.9582,False,False,False
874,2004-03-17 06:08:16.776717,21.87,False,False,False
875,2004-03-17 06:38:16.776717,21.821,False,False,False
876,2004-03-17 07:08:16.776717,21.7916,False,False,False
877,2004-03-17 07:38:16.776717,20.988,False,False,False
878,2004-03-17 08:08:16.776717,20.9684,False,False,False
879,2004-03-17 08:38:16.776717,21.1154,False,False,False
880,2004-03-17 09:08:16.776717,21.527,False,False,False
881,2004-03-17 09:38:16.776717,21.6936,False,False,False
882,2004-03-17 10:08:16.776717,22.017,False,False,False
883,2004-03-17 10:38:16.776717,22.4384,False,False,False
884,2004-03-17 11:08:16.776717,22.7324,False,False,False
885,2004-03-17 11:38:16.776717,22.2228,False,False,False
886,2004-03-17 12:08:16.776717,22.2424,False,False,False
887,2004-03-17 12:38:16.776717,22.3306,False,False,False
888,2004-03-17 13:08:16.776717,22.4286,False,False,False
889,2004-03-17 13:38:16.776717,22.3796,False,False,False
890,2004-03-17 14:08:16.776717,22.3404,False,False,False
891,2004-03-17 14:38:16.776717,22.3012,False,False,False
892,2004-03-17 15:08:16.776717,22.36,False,False,False
893,2004-03-17 15:38:16.776717,22.213,False,False,False
894,2004-03-17 16:08:16.776717,22.1052,False,False,False
895,2004-03-17 16:38:16.776717,22.0758,False,False,False
896,2004-03-17 17:08:16.776717,22.0856,False,False,False
897,2004-03-17 17:38:16.776717,21.9778,False,False,False
898,2004-03-17 18:08:16.776717,22.1934,False,False,False
899,2004-03-17 18:38:16.776717,22.9872,False,False,False
900,2004-03-17 19:08:16.776717,23.1636,False,False,False
901,2004-03-17 19:38:16.776717,23.2322,False,False,False
902,2004-03-17 20:08:16.776717,23.1832,False,False,False
903,2004-03-17 20:38:16.776717,23.1342,False,False,False
904,2004-03-17 21:08:16.776717,22.997,False,False,False
905,2004-03-17 21:38:16.776717,22.8794,False,False,False
906,2004-03-17 22:08:16.776717,22.7226,False,False,False
907,2004-03-17 22:38:16.776717,22.5756,False,False,False
908,2004-03-17 23:08:16.776717,22.4776,False,False,False
909,2004-03-17 23:38:16.776717,22.3208,False,False,False
910,2004-03-18 00:08:16.776717,22.2424,False,False,False
911,2004-03-18 00:38:16.776717,22.0464,False,False,False
912,2004-03-18 01:08:16.776717,21.8994,False,False,False
913,2004-03-18 01:38:16.776717,21.7034,False,False,False
914,2004-03-18 02:08:16.776717,21.4878,False,False,False
915,2004-03-18 02:38:16.776717,21.3016,False,False,False
916,2004-03-18 03:08:16.776717,21.184,False,False,False
917,2004-03-18 03:38:16.776717,21.0664,False,False,False
918,2004-03-18 04:08:16.776717,20.988,False,False,False
919,2004-03-18 04:38:16.776717,20.9096,False,False,False
920,2004-03-18 05:08:16.776717,20.792,False,False,False
921,2004-03-18 05:38:16.776717,20.7724,False,False,False
922,2004-03-18 06:08:16.776717,20.7136,False,False,False
923,2004-03-18 06:38:16.776717,20.645,False,False,False
924,2004-03-18 07:08:16.776717,20.6352,False,False,False
925,2004-03-18 07:38:16.776717,19.8904,False,False,False
926,2004-03-18 08:08:16.776717,20.0472,False,False,False
927,2004-03-18 08:38:16.776717,20.106,False,False,False
928,2004-03-18 09:08:16.776717,20.3118,False,False,False
929,2004-03-18 09:38:16.776717,20.694,False,False,False
930,2004-03-18 10:08:16.776717,21.8504,False,False,False
931,2004-03-18 10:38:16.776717,21.4682,False,False,False
932,2004-03-18 11:08:16.776717,21.6054,False,False,False
933,2004-03-18 11:38:16.776717,21.9484,False,False,False
934,2004-03-18 12:08:16.776717,22.1738,False,False,False
935,2004-03-18 12:38:16.776717,22.4188,False,False,False
936,2004-03-18 13:08:16.776717,22.311,False,False,False
937,2004-03-18 13:38:16.776717,22.3992,False,False,False
938,2004-03-18 14:08:16.776717,22.164,False,False,False
939,2004-03-18 14:38:16.776717,21.9974,False,False,False
940,2004-03-18 15:08:16.776717,21.8112,False,False,False
941,2004-03-18 15:38:16.776717,21.7916,False,False,False
942,2004-03-18 16:08:16.776717,21.9092,False,False,False
943,2004-03-18 16:38:16.776717,21.9288,False,False,False
944,2004-03-18 17:08:16.776717,21.5466,False,False,False
945,2004-03-18 17:38:16.776717,21.2918,False,False,False
946,2004-03-18 18:08:16.776717,21.478,False,False,False
947,2004-03-18 18:38:16.776717,22.066,False,False,False
948,2004-03-18 19:08:16.776717,22.1248,False,False,False
949,2004-03-18 19:38:16.776717,22.0464,False,False,False
950,2004-03-18 20:08:16.776717,21.9778,False,False,False
951,2004-03-18 20:38:16.776717,21.8112,False,False,False
952,2004-03-18 21:08:16.776717,21.7426,False,False,False
953,2004-03-18 21:38:16.776717,21.576,False,False,False
954,2004-03-18 22:08:16.776717,21.478,False,False,False
955,2004-03-18 22:38:16.776717,21.2624,False,False,False
956,2004-03-18 23:08:16.776717,21.2036,False,False,False
957,2004-03-18 23:38:16.776717,21.0566,False,False,False
958,2004-03-19 00:08:16.776717,20.939,False,False,False
959,2004-03-19 00:38:16.776717,20.8214,False,False,False
960,2004-03-19 01:08:16.776717,20.6744,False,False,False
961,2004-03-19 01:38:16.776717,20.5568,False,False,False
962,2004-03-19 02:08:16.776717,20.302,False,False,False
963,2004-03-19 02:38:16.776717,20.0962,False,False,False
964,2004-03-19 03:08:16.776717,19.9296,False,False,False
965,2004-03-19 03:38:16.776717,19.7532,False,False,False
966,2004-03-19 04:08:16.776717,19.5474,False,False,False
967,2004-03-19 04:38:16.776717,19.4592,False,False,False
968,2004-03-19 05:08:16.776717,19.3514,False,False,False
969,2004-03-19 05:38:16.776717,19.3024,False,False,False
970,2004-03-19 06:08:16.776717,19.2436,False,False,False
971,2004-03-19 06:38:16.776717,19.1652,False,False,False
972,2004-03-19 07:08:16.776717,19.1848,False,False,False
973,2004-03-19 07:38:16.776717,19.322,False,False,False
974,2004-03-19 08:08:16.776717,19.5278,False,False,False
975,2004-03-19 08:38:16.776717,19.8708,False,False,False
976,2004-03-19 09:08:16.776717,20.0668,False,False,False
977,2004-03-19 09:38:16.776717,19.9786,False,False,False
978,2004-03-19 10:08:16.776717,21.0468,False,False,False
979,2004-03-19 10:38:16.776717,21.9778,False,False,False
980,2004-03-19 11:08:16.776717,22.654,False,False,False
981,2004-03-19 11:38:16.776717,23.046,False,False,False
982,2004-03-19 12:08:16.776717,23.0068,False,False,False
983,2004-03-19 12:38:16.776717,22.948,False,False,False
984,2004-03-19 13:08:16.776717,23.0166,False,False,False
985,2004-03-19 13:38:16.776717,22.9774,False,False,False
986,2004-03-19 14:08:16.776717,22.9872,False,False,False
987,2004-03-19 14:38:16.776717,22.948,False,False,False
988,2004-03-19 15:08:16.776717,22.556,False,False,False
989,2004-03-19 15:38:16.776717,22.3012,False,False,False
990,2004-03-19 16:08:16.776717,22.2522,False,False,False
991,2004-03-19 16:38:16.776717,22.4482,False,False,False
992,2004-03-19 17:08:16.776717,21.9092,False,False,False
993,2004-03-19 17:38:16.776717,22.0366,False,False,False
994,2004-03-19 18:08:16.776717,22.066,False,False,False
995,2004-03-19 18:38:16.776717,22.3894,False,False,False
996,2004-03-19 19:08:16.776717,22.2326,False,False,False
997,2004-03-19 19:38:16.776717,22.0856,False,False,False
998,2004-03-19 20:08:16.776717,21.9582,False,False,False
999,2004-03-19 20:38:16.776717,21.8112,False,False,False
1000,2004-03-19 21:08:16.776717,21.625,False,False,False
1001,2004-03-19 21:38:16.776717,21.4976,False,False,False
1002,2004-03-19 22:08:16.776717,21.3898,False,False,False
1003,2004-03-19 22:38:16.776717,21.2232,False,False,False
1004,2004-03-19 23:08:16.776717,21.1154,False,False,False
1005,2004-03-19 23:38:16.776717,20.9782,False,False,False
1006,2004-03-20 00:08:16.776717,20.8606,False,False,False
1007,2004-03-20 00:38:16.776717,20.792,False,False,False
1008,2004-03-20 01:08:16.776717,20.694,False,False,False
1009,2004-03-20 01:38:16.776717,20.5764,False,False,False
1010,2004-03-20 02:08:16.776717,20.4882,False,False,False
1011,2004-03-20 02:38:16.776717,20.3902,False,False,False
1012,2004-03-20 03:08:16.776717,20.2824,False,False,False
1013,2004-03-20 03:38:16.776717,20.1746,False,False,False
1014,2004-03-20 04:08:16.776717,20.0766,False,False,False
1015,2004-03-20 04:38:16.776717,20.008,False,False,False
1016,2004-03-20 05:08:16.776717,19.8904,False,False,False
1017,2004-03-20 05:38:16.776717,19.8708,False,False,False
1018,2004-03-20 06:08:16.776717,19.7434,False,False,False
1019,2004-03-20 06:38:16.776717,19.6846,False,False,False
1020,2004-03-20 07:08:16.776717,19.7336,False,False,False
1021,2004-03-20 07:38:16.776717,20.1746,False,False,False
1022,2004-03-20 08:08:16.776717,21.1252,False,False,False
1023,2004-03-20 08:38:16.776717,22.1052,False,False,False
1024,2004-03-20 09:08:16.776717,23.1244,False,False,False
1025,2004-03-20 09:38:16.776717,23.9868,False,False,False
1026,2004-03-20 10:08:16.776717,24.6238,False,False,False
1027,2004-03-20 10:38:16.776717,25.2216,False,False,False
1028,2004-03-20 11:08:16.776717,25.7312,False,False,False
1029,2004-03-20 11:38:16.776717,26.3388,False,False,False
1030,2004-03-20 12:08:16.776717,26.7014,False,False,False
1031,2004-03-20 12:38:16.776717,26.7896,False,False,False
1032,2004-03-20 13:08:16.776717,27.1032,False,False,False
1033,2004-03-20 13:38:16.776717,26.9758,False,False,False
1034,2004-03-20 14:08:16.776717,26.5152,False,False,False
1035,2004-03-20 14:38:16.776717,26.8876,False,False,False
1036,2004-03-20 15:08:16.776717,26.8484,False,False,False
1037,2004-03-20 15:38:16.776717,26.6328,False,False,False
1038,2004-03-20 16:08:16.776717,26.28,False,False,False
1039,2004-03-20 16:38:16.776717,25.79,False,False,False
1040,2004-03-20 17:08:16.776717,25.2706,False,False,False
1041,2004-03-20 17:38:16.776717,24.7708,False,False,False
1042,2004-03-20 18:08:16.776717,24.3004,False,False,False
1043,2004-03-20 18:38:16.776717,23.7516,False,False,False
1044,2004-03-20 19:08:16.776717,23.389,False,False,False
1045,2004-03-20 19:38:16.776717,23.144,False,False,False
1046,2004-03-20 20:08:16.776717,22.8206,False,False,False
1047,2004-03-20 20:38:16.776717,22.5658,False,False,False
1048,2004-03-20 21:08:16.776717,22.3796,False,False,False
1049,2004-03-20 21:38:16.776717,22.1738,False,False,False
1050,2004-03-20 22:08:16.776717,21.9876,False,False,False
1051,2004-03-20 22:38:16.776717,21.7916,False,False,False
1052,2004-03-20 23:08:16.776717,21.6152,False,False,False
1053,2004-03-20 23:38:16.776717,21.5172,False,False,False
1054,2004-03-21 00:08:16.776717,21.3604,False,False,False
1055,2004-03-21 00:38:16.776717,21.2134,False,False,False
1056,2004-03-21 01:08:16.776717,21.0566,False,False,False
1057,2004-03-21 01:38:16.776717,20.988,False,False,False
1058,2004-03-21 02:08:16.776717,20.8606,False,False,False
1059,2004-03-21 02:38:16.776717,20.8018,False,False,False
1060,2004-03-21 03:08:16.776717,20.7136,False,False,False
1061,2004-03-21 03:38:16.776717,51.7105,True,False,False
1062,2004-03-21 04:08:16.776717,20.6058,False,False,False
1063,2004-03-21 04:38:16.776717,20.498,False,False,False
1064,2004-03-21 05:08:16.776717,20.4392,False,False,False
1065,2004-03-21 05:38:16.776717,20.302,False,False,False
1066,2004-03-21 06:08:16.776717,20.253,False,False,False
1067,2004-03-21 06:38:16.776717,20.204,False,False,False
1068,2004-03-21 07:08:16.776717,20.1256,False,False,False
1069,2004-03-21 07:38:16.776717,20.057,False,False,False
1070,2004-03-21 08:08:16.776717,19.9786,False,False,False
1071,2004-03-21 08:38:16.776717,19.9296,False,False,False
1072,2004-03-21 09:08:16.776717,19.9394,False,False,False
1073,2004-03-21 09:38:16.776717,19.9296,False,False,False
1074,2004-03-21 10:08:16.776717,20.0668,False,False,False
1075,2004-03-21 10:38:16.776717,20.0374,False,False,False
1076,2004-03-21 11:08:16.776717,20.4588,False,False,False
1077,2004-03-21 11:38:16.776717,22.654,False,False,False
1078,2004-03-21 12:08:16.776717,23.3302,False,False,False
1079,2004-03-21 12:38:16.776717,23.634,False,False,False
1080,2004-03-21 13:08:16.776717,23.83,False,False,False
1081,2004-03-21 13:38:16.776717,23.6144,False,False,False
1082,2004-03-21 14:08:16.776717,23.7908,False,False,False
1083,2004-03-21 14:38:16.776717,23.8986,False,False,False
1084,2004-03-21 15:08:16.776717,23.6144,False,False,False
1085,2004-03-21 15:38:16.776717,23.291,False,False,False
1086,2004-03-21 16:08:16.776717,23.0754,False,False,False
1087,2004-03-21 16:38:16.776717,22.9186,False,False,False
1088,2004-03-21 17:08:16.776717,22.4384,False,False,False
1089,2004-03-21 17:38:16.776717,22.2032,False,False,False
1090,2004-03-21 18:08:16.776717,21.8406,False,False,False
1091,2004-03-21 18:38:16.776717,21.6152,False,False,False
1092,2004-03-21 19:08:16.776717,21.4388,False,False,False
1093,2004-03-21 19:38:16.776717,21.2428,False,False,False
1094,2004-03-21 20:08:16.776717,21.1056,False,False,False
1095,2004-03-21 20:38:16.776717,21.037,False,False,False
1096,2004-03-21 21:08:16.776717,20.8998,False,False,False
1097,2004-03-21 21:38:16.776717,20.743,False,False,False
1098,2004-03-21 22:08:16.776717,20.6548,False,False,False
1099,2004-03-21 22:38:16.776717,20.498,False,False,False
1100,2004-03-21 23:08:16.776717,20.6352,False,False,False
1101,2004-03-21 23:38:16.776717,20.253,False,False,False
1102,2004-03-22 00:08:16.776717,20.1256,False,False,False
1103,2004-03-22 00:38:16.776717,20.0668,False,False,False
1104,2004-03-22 01:08:16.776717,20.008,False,False,False
1105,2004-03-22 01:38:16.776717,19.9296,False,False,False
1106,2004-03-22 02:08:16.776717,19.8904,False,False,False
1107,2004-03-22 02:38:16.776717,19.8708,False,False,False
1108,2004-03-22 03:08:16.776717,19.812,False,False,False
1109,2004-03-22 03:38:16.776717,19.812,False,False,False
1110,2004-03-22 04:08:16.776717,19.7238,False,False,False
1111,2004-03-22 04:38:16.776717,19.714,False,False,False
1112,2004-03-22 05:08:16.776717,19.616,False,False,False
1113,2004-03-22 05:38:16.776717,19.6258,False,False,False
1114,2004-03-22 06:08:16.776717,19.5866,False,False,False
1115,2004-03-22 06:38:16.776717,19.5866,False,False,False
1116,2004-03-22 07:08:16.776717,19.6258,False,False,False
1117,2004-03-22 07:38:16.776717,19.665,False,False,False
1118,2004-03-22 08:08:16.776717,19.7826,False,False,False
1119,2004-03-22 08:38:16.776717,20.0374,False,False,False
1120,2004-03-22 09:08:16.776717,20.2236,False,False,False
1121,2004-03-22 09:38:16.776717,20.4392,False,False,False
1122,2004-03-22 10:08:16.776717,20.8704,False,False,False
1123,2004-03-22 10:38:16.776717,21.576,False,False,False
1124,2004-03-22 11:08:16.776717,22.948,False,False,False
1125,2004-03-22 11:38:16.776717,22.8108,False,False,False
1126,2004-03-22 12:08:16.776717,23.1636,False,False,False
1127,2004-03-22 12:38:16.776717,23.3302,False,False,False
1128,2004-03-22 13:08:16.776717,23.4674,False,False,False
1129,2004-03-22 13:38:16.776717,23.389,False,False,False
1130,2004-03-22 14:08:16.776717,23.34,False,False,False
1131,2004-03-22 14:38:16.776717,23.3204,False,False,False
1132,2004-03-22 15:08:16.776717,23.3792,False,False,False
1133,2004-03-22 15:38:16.776717,23.389,False,False,False
1134,2004-03-22 16:08:16.776717,23.3008,False,False,False
1135,2004-03-22 16:38:16.776717,23.4968,False,False,False
1136,2004-03-22 17:08:16.776717,23.7418,False,False,False
1137,2004-03-22 17:38:16.776717,23.8006,False,False,False
1138,2004-03-22 18:08:16.776717,24.1338,False,False,False
1139,2004-03-22 18:38:16.776717,24.2808,False,False,False
1140,2004-03-22 19:08:16.776717,24.5846,False,False,False
1141,2004-03-22 19:38:16.776717,24.6042,False,False,False
1142,2004-03-22 20:08:16.776717,24.6728,False,False,False
1143,2004-03-22 20:38:16.776717,24.9374,False,False,False
1144,2004-03-22 21:08:16.776717,25.0942,False,False,False
1145,2004-03-22 21:38:16.776717,25.2608,False,False,False
1146,2004-03-22 22:08:16.776717,38.082300000000004,True,False,False
1147,2004-03-22 22:38:16.776717,25.8096,False,False,False
1148,2004-03-22 23:08:16.776717,26.2702,False,False,False
1149,2004-03-22 23:38:16.776717,26.7308,False,False,False
1150,2004-03-23 00:08:16.776717,27.211,False,False,False
1151,2004-03-23 00:38:16.776717,27.8872,False,False,False
1152,2004-03-23 01:08:16.776717,28.5732,False,False,False
1153,2004-03-23 01:38:16.776717,29.6316,False,False,False
1154,2004-03-23 02:08:16.776717,30.69,False,False,False
1155,2004-03-23 02:38:16.776717,31.7484,False,False,False
1156,2004-03-23 03:08:16.776717,33.1106,False,False,False
1157,2004-03-23 03:38:16.776717,34.2572,False,False,False
1158,2004-03-23 04:08:16.776717,35.9722,False,False,False
1159,2004-03-23 04:38:16.776717,37.403,False,False,False
1160,2004-03-23 05:08:16.776717,39.216,False,False,False
1161,2004-03-23 05:38:16.776717,41.2642,False,False,False
1162,2004-03-23 06:08:16.776717,43.4006,False,False,False
1163,2004-03-23 06:38:16.776717,45.4684,False,False,False
1164,2004-03-23 07:08:16.776717,47.938,False,False,False
1165,2004-03-23 07:38:16.776717,50.8486,False,False,False
1166,2004-03-23 08:08:16.776717,53.8278,False,False,False
1167,2004-03-23 08:38:16.776717,55.9936,False,False,False
1168,2004-03-23 09:08:16.776717,58.2182,False,False,False
1169,2004-03-23 09:38:16.776717,55.9348,False,False,False
1170,2004-03-23 10:08:16.776717,57.3362,False,False,False
1171,2004-03-23 10:38:16.776717,58.8258,False,False,False
1172,2004-03-23 11:08:16.776717,58.9434,False,False,False
1173,2004-03-23 11:38:16.776717,59.8548,False,False,False
1174,2004-03-23 12:08:16.776717,60.041,False,False,False
1175,2004-03-23 12:38:16.776717,59.8352,False,False,False
1176,2004-03-23 13:08:16.776717,60.1586,False,False,False
1177,2004-03-23 13:38:16.776717,61.0014,False,False,False
1178,2004-03-23 14:08:16.776717,62.4616,False,False,False
1179,2004-03-23 14:38:16.776717,64.0198,False,False,False
1180,2004-03-23 15:08:16.776717,63.7454,False,False,False
1181,2004-03-23 15:38:16.776717,66.1954,False,False,False
1182,2004-03-23 16:08:16.776717,69.106,False,False,False
1183,2004-03-23 16:38:16.776717,71.1934,False,False,False
1184,2004-03-23 17:08:16.776717,74.7214,False,False,False
1185,2004-03-23 17:38:16.776717,77.1224,False,False,False
1186,2004-03-23 18:08:16.776717,78.3278,False,False,False
1187,2004-03-23 18:38:16.776717,79.3176,False,False,False
1188,2004-03-23 19:08:16.776717,80.4642,False,False,False
1189,2004-03-23 19:38:16.776717,82.4634,False,False,False
1190,2004-03-23 20:08:16.776717,86.6382,False,False,False
1191,2004-03-23 20:38:16.776717,91.1462,False,False,False
1192,2004-03-23 21:08:16.776717,95.4876,False,False,False
1193,2004-03-23 21:38:16.776717,100.319,False,False,False
1194,2004-03-23 22:08:16.776717,104.219,False,False,False
1195,2004-03-23 22:38:16.776717,109.031,False,False,False
1196,2004-03-23 23:08:16.776717,113.451,False,False,False
1197,2004-03-23 23:38:16.776717,119.155,False,False,False
1198,2004-03-24 00:08:16.776717,122.095,False,False,True
1199,2004-03-24 00:38:16.776717,122.153,False,False,True
1200,2004-03-24 01:08:16.776717,122.153,False,False,True
1201,2004-03-24 01:38:16.776717,122.153,False,False,True
1202,2004-03-24 02:08:16.776717,122.153,False,False,True
1203,2004-03-24 02:38:16.776717,122.153,False,False,True
1204,2004-03-24 03:08:16.776717,122.153,False,False,True
1205,2004-03-24 03:38:16.776717,122.153,False,False,True
1206,2004-03-24 04:08:16.776717,122.153,False,False,True
1207,2004-03-24 04:38:16.776717,122.153,False,False,True
1208,2004-03-24 05:08:16.776717,122.153,False,False,True
1209,2004-03-24 05:38:16.776717,122.153,False,False,True
1210,2004-03-24 06:08:16.776717,122.153,False,False,True
1211,2004-03-24 06:38:16.776717,122.153,False,False,True
1212,2004-03-24 07:08:16.776717,122.153,False,False,True
1213,2004-03-24 07:38:16.776717,122.153,False,False,True
1214,2004-03-24 08:08:16.776717,122.153,False,False,True
1215,2004-03-24 08:38:16.776717,122.153,False,False,True
1216,2004-03-24 09:08:16.776717,122.153,False,False,True
1217,2004-03-24 09:38:16.776717,122.153,False,False,True
1218,2004-03-24 10:08:16.776717,122.153,False,False,True
1219,2004-03-24 10:38:16.776717,122.153,False,False,True
1220,2004-03-24 11:08:16.776717,122.153,False,False,True
1221,2004-03-24 11:38:16.776717,122.153,False,False,True
1222,2004-03-24 12:08:16.776717,122.153,False,False,True
1223,2004-03-24 12:38:16.776717,122.153,False,False,True
1224,2004-03-24 13:08:16.776717,122.153,False,False,True
1225,2004-03-24 13:38:16.776717,122.153,False,False,True
1226,2004-03-24 14:08:16.776717,122.153,False,False,True
1227,2004-03-24 14:38:16.776717,122.153,False,False,True
1228,2004-03-24 15:08:16.776717,122.153,False,False,True
1229,2004-03-24 15:38:16.776717,122.153,False,False,True
1230,2004-03-24 16:08:16.776717,122.153,False,False,True
1231,2004-03-24 16:38:16.776717,122.153,False,False,True
1232,2004-03-24 17:08:16.776717,122.153,False,False,True
1233,2004-03-24 17:38:16.776717,122.153,False,False,True
1234,2004-03-24 18:08:16.776717,122.153,False,False,True
1235,2004-03-24 18:38:16.776717,122.153,False,False,True
1236,2004-03-24 19:08:16.776717,122.153,False,False,True
1237,2004-03-24 19:38:16.776717,122.153,False,False,True
1238,2004-03-24 20:08:16.776717,122.153,False,False,True
1239,2004-03-24 20:38:16.776717,122.153,False,False,True
1240,2004-03-24 21:08:16.776717,122.153,False,False,True
1241,2004-03-24 21:38:16.776717,122.153,False,False,True
1242,2004-03-24 22:08:16.776717,122.153,False,False,True
1243,2004-03-24 22:38:16.776717,122.153,False,False,True
1244,2004-03-24 23:08:16.776717,122.153,False,False,True
1245,2004-03-24 23:38:16.776717,122.153,False,False,True
1246,2004-03-25 00:08:16.776717,122.153,False,False,True
1247,2004-03-25 00:38:16.776717,122.153,False,False,True
1248,2004-03-25 01:08:16.776717,122.153,False,False,True
1249,2004-03-25 01:38:16.776717,122.153,False,False,True
1250,2004-03-25 02:08:16.776717,122.153,False,False,True
1251,2004-03-25 02:38:16.776717,122.153,False,False,True
1252,2004-03-25 03:08:16.776717,122.153,False,False,True
1253,2004-03-25 03:38:16.776717,122.153,False,False,True
1254,2004-03-25 04:08:16.776717,122.153,False,False,True
1255,2004-03-25 04:38:16.776717,122.153,False,False,True
1256,2004-03-25 05:08:16.776717,122.153,False,False,True
1257,2004-03-25 05:38:16.776717,122.153,False,False,True
1258,2004-03-25 06:08:16.776717,122.153,False,False,True
1259,2004-03-25 06:38:16.776717,122.153,False,False,True
1260,2004-03-25 07:08:16.776717,122.153,False,False,True
1261,2004-03-25 07:38:16.776717,122.153,False,False,True
1262,2004-03-25 08:08:16.776717,122.153,False,False,True
1263,2004-03-25 08:38:16.776717,122.153,False,False,True
1264,2004-03-25 09:08:16.776717,122.153,False,False,True
1265,2004-03-25 09:38:16.776717,122.153,False,False,True
1266,2004-03-25 10:08:16.776717,122.153,False,False,True
1267,2004-03-25 10:38:16.776717,122.153,False,False,True
1268,2004-03-25 11:08:16.776717,122.153,False,False,True
1269,2004-03-25 11:38:16.776717,122.153,False,False,True
1270,2004-03-25 12:08:16.776717,122.153,False,False,True
1271,2004-03-25 12:38:16.776717,122.153,False,False,True
1272,2004-03-25 13:08:16.776717,122.153,False,False,True
1273,2004-03-25 13:38:16.776717,122.153,False,False,True
1274,2004-03-25 14:08:16.776717,122.153,False,False,True
1275,2004-03-25 14:38:16.776717,122.153,False,False,True
1276,2004-03-25 15:08:16.776717,122.153,False,False,True
1277,2004-03-25 15:38:16.776717,122.153,False,False,True
1278,2004-03-25 16:08:16.776717,122.153,False,False,True
1279,2004-03-25 16:38:16.776717,122.153,False,False,True
1280,2004-03-25 17:08:16.776717,122.153,False,False,True
1281,2004-03-25 17:38:16.776717,122.153,False,False,True
1282,2004-03-25 18:08:16.776717,122.153,False,False,True
1283,2004-03-25 18:38:16.776717,122.153,False,False,True
1284,2004-03-25 19:08:16.776717,122.153,False,False,True
1285,2004-03-25 19:38:16.776717,122.153,False,False,True
1286,2004-03-25 20:08:16.776717,122.153,False,False,True
1287,2004-03-25 20:38:16.776717,122.153,False,False,True
1288,2004-03-25 21:08:16.776717,122.153,False,False,True
1289,2004-03-25 21:38:16.776717,122.153,False,False,True
1290,2004-03-25 22:08:16.776717,122.153,False,False,True
1291,2004-03-25 22:38:16.776717,122.153,False,False,True
1292,2004-03-25 23:08:16.776717,122.153,False,False,True
1293,2004-03-25 23:38:16.776717,122.153,False,False,True
1294,2004-03-26 00:08:16.776717,122.153,False,False,True
1295,2004-03-26 00:38:16.776717,122.153,False,False,True
1296,2004-03-26 01:08:16.776717,122.153,False,False,True
1297,2004-03-26 01:38:16.776717,122.153,False,False,True
1298,2004-03-26 02:08:16.776717,122.153,False,False,True
1299,2004-03-26 02:38:16.776717,122.153,False,False,True
1300,2004-03-26 03:08:16.776717,122.153,False,False,True
1301,2004-03-26 03:38:16.776717,122.153,False,False,True
1302,2004-03-26 04:08:16.776717,122.153,False,False,True
1303,2004-03-26 04:38:16.776717,122.153,False,False,True
1304,2004-03-26 05:08:16.776717,122.153,False,False,True
1305,2004-03-26 05:38:16.776717,122.153,False,False,True
1306,2004-03-26 06:08:16.776717,122.153,False,False,True
1307,2004-03-26 06:38:16.776717,122.153,False,False,True
1308,2004-03-26 07:08:16.776717,122.153,False,False,True
1309,2004-03-26 07:38:16.776717,122.153,False,False,True
1310,2004-03-26 08:08:16.776717,122.153,False,False,True
1311,2004-03-26 08:38:16.776717,122.153,False,False,True
1312,2004-03-26 09:08:16.776717,122.153,False,False,True
1313,2004-03-26 09:38:16.776717,122.153,False,False,True
1314,2004-03-26 10:08:16.776717,122.153,False,False,True
1315,2004-03-26 10:38:16.776717,122.153,False,False,True
1316,2004-03-26 11:08:16.776717,122.153,False,False,True
1317,2004-03-26 11:38:16.776717,122.153,False,False,True
1318,2004-03-26 12:08:16.776717,122.153,False,False,True
1319,2004-03-26 12:38:16.776717,122.153,False,False,True
1320,2004-03-26 13:08:16.776717,122.153,False,False,True
1321,2004-03-26 13:38:16.776717,122.153,False,False,True
1322,2004-03-26 14:08:16.776717,122.153,False,False,True
1323,2004-03-26 14:38:16.776717,122.153,False,False,True
1324,2004-03-26 15:08:16.776717,122.153,False,False,True
1325,2004-03-26 15:38:16.776717,122.153,False,False,True
1326,2004-03-26 16:08:16.776717,122.153,False,False,True
1327,2004-03-26 16:38:16.776717,122.153,False,False,True
1328,2004-03-26 17:08:16.776717,122.153,False,False,True
1329,2004-03-26 17:38:16.776717,122.153,False,False,True
1330,2004-03-26 18:08:16.776717,122.153,False,False,True
1331,2004-03-26 18:38:16.776717,122.153,False,False,True
1332,2004-03-26 19:08:16.776717,122.153,False,False,True
1333,2004-03-26 19:38:16.776717,122.153,False,False,True
1334,2004-03-26 20:08:16.776717,122.153,False,False,True
1335,2004-03-26 20:38:16.776717,122.153,False,False,True
1336,2004-03-26 21:08:16.776717,122.153,False,False,True
1337,2004-03-26 21:38:16.776717,122.153,False,False,True
1338,2004-03-26 22:08:16.776717,122.153,False,False,True
1339,2004-03-26 22:38:16.776717,122.153,False,False,True
1340,2004-03-26 23:08:16.776717,122.153,False,False,True
1341,2004-03-26 23:38:16.776717,122.153,False,False,True
1342,2004-03-27 00:08:16.776717,122.153,False,False,True
1343,2004-03-27 00:38:16.776717,122.153,False,False,True
1344,2004-03-27 01:08:16.776717,122.153,False,False,True
1345,2004-03-27 01:38:16.776717,122.153,False,False,True
1346,2004-03-27 02:08:16.776717,122.153,False,False,True
1347,2004-03-27 02:38:16.776717,122.153,False,False,True
1348,2004-03-27 03:08:16.776717,122.153,False,False,True
1349,2004-03-27 03:38:16.776717,122.153,False,False,True
1350,2004-03-27 04:08:16.776717,122.153,False,False,True
1351,2004-03-27 04:38:16.776717,122.153,False,False,True
1352,2004-03-27 05:08:16.776717,122.153,False,False,True
1353,2004-03-27 05:38:16.776717,122.153,False,False,True
1354,2004-03-27 06:08:16.776717,122.153,False,False,True
1355,2004-03-27 06:38:16.776717,122.153,False,False,True
1356,2004-03-27 07:08:16.776717,122.153,False,False,True
1357,2004-03-27 07:38:16.776717,122.153,False,False,True
1358,2004-03-27 08:08:16.776717,122.153,False,False,True
1359,2004-03-27 08:38:16.776717,122.153,False,False,True
1360,2004-03-27 09:08:16.776717,122.153,False,False,True
1361,2004-03-27 09:38:16.776717,122.153,False,False,True
1362,2004-03-27 10:08:16.776717,122.153,False,False,True
1363,2004-03-27 10:38:16.776717,122.153,False,False,True
1364,2004-03-27 11:08:16.776717,122.153,False,False,True
1365,2004-03-27 11:38:16.776717,122.153,False,False,True
1366,2004-03-27 12:08:16.776717,122.153,False,False,True
1367,2004-03-27 12:38:16.776717,122.153,False,False,True
1368,2004-03-27 13:08:16.776717,122.153,False,False,True
1369,2004-03-27 13:38:16.776717,122.153,False,False,True
1370,2004-03-27 14:08:16.776717,122.153,False,False,True
1371,2004-03-27 14:38:16.776717,122.153,False,False,True
1372,2004-03-27 15:08:16.776717,122.153,False,False,True
1373,2004-03-27 15:38:16.776717,122.153,False,False,True
1374,2004-03-27 16:08:16.776717,122.153,False,False,True
1375,2004-03-27 16:38:16.776717,122.153,False,False,True
1376,2004-03-27 17:08:16.776717,122.153,False,False,True
1377,2004-03-27 17:38:16.776717,122.153,False,False,True
1378,2004-03-27 18:08:16.776717,122.153,False,False,True
1379,2004-03-27 18:38:16.776717,122.153,False,False,True
1380,2004-03-27 19:08:16.776717,122.153,False,False,True
1381,2004-03-27 19:38:16.776717,122.153,False,False,True
1382,2004-03-27 20:08:16.776717,122.153,False,False,True
1383,2004-03-27 20:38:16.776717,122.153,False,False,True
1384,2004-03-27 21:08:16.776717,122.153,False,False,True
1385,2004-03-27 21:38:16.776717,122.153,False,False,True
1386,2004-03-27 22:08:16.776717,122.153,False,False,True
1387,2004-03-27 22:38:16.776717,122.153,False,False,True
1388,2004-03-27 23:08:16.776717,122.153,False,False,True
1389,2004-03-27 23:38:16.776717,122.153,False,False,True
1390,2004-03-28 00:08:16.776717,122.153,False,False,True
1391,2004-03-28 00:38:16.776717,122.153,False,False,True
1392,2004-03-28 01:08:16.776717,122.153,False,False,True
1393,2004-03-28 01:38:16.776717,122.153,False,False,True
1394,2004-03-28 02:08:16.776717,122.153,False,False,True
1395,2004-03-28 02:38:16.776717,122.153,False,False,True
1396,2004-03-28 03:08:16.776717,122.153,False,False,True
1397,2004-03-28 03:38:16.776717,122.153,False,False,True
1398,2004-03-28 04:08:16.776717,122.153,False,False,True
1399,2004-03-28 04:38:16.776717,122.153,False,False,True
1400,2004-03-28 05:08:16.776717,122.153,False,False,True
1401,2004-03-28 05:38:16.776717,122.153,False,False,True
1402,2004-03-28 06:08:16.776717,122.153,False,False,True
1403,2004-03-28 06:38:16.776717,122.153,False,False,True
1404,2004-03-28 07:08:16.776717,122.153,False,False,True
1405,2004-03-28 07:38:16.776717,122.153,False,False,True
1406,2004-03-28 08:08:16.776717,122.153,False,False,True
1407,2004-03-28 08:38:16.776717,122.153,False,False,True
1408,2004-03-28 09:08:16.776717,122.153,False,False,True
1409,2004-03-28 09:38:16.776717,122.153,False,False,True
1410,2004-03-28 10:08:16.776717,122.153,False,False,True
1411,2004-03-28 10:38:16.776717,122.153,False,False,True
1412,2004-03-28 11:08:16.776717,122.153,False,False,True
1413,2004-03-28 11:38:16.776717,122.153,False,False,True
1414,2004-03-28 12:08:16.776717,122.153,False,False,True
1415,2004-03-28 12:38:16.776717,122.153,False,False,True
1416,2004-03-28 13:08:16.776717,122.153,False,False,True
1417,2004-03-28 13:38:16.776717,122.153,False,False,True
1418,2004-03-28 14:08:16.776717,122.153,False,False,True
1419,2004-03-28 14:38:16.776717,122.153,False,False,True
1420,2004-03-28 15:08:16.776717,122.153,False,False,True
1421,2004-03-28 15:38:16.776717,122.153,False,False,True
1422,2004-03-28 16:08:16.776717,122.153,False,False,True
1423,2004-03-28 16:38:16.776717,122.153,False,False,True
1424,2004-03-28 17:08:16.776717,122.153,False,False,True
1425,2004-03-28 17:38:16.776717,122.153,False,False,True
1426,2004-03-28 18:08:16.776717,122.153,False,False,True
1427,2004-03-28 18:38:16.776717,122.153,False,False,True
1428,2004-03-28 19:08:16.776717,122.153,False,False,True
1429,2004-03-28 19:38:16.776717,122.153,False,False,True
1430,2004-03-28 20:08:16.776717,122.153,False,False,True
1431,2004-03-28 20:38:16.776717,122.153,False,False,True
1432,2004-03-28 21:08:16.776717,122.153,False,False,True
1433,2004-03-28 21:38:16.776717,122.153,False,False,True
1434,2004-03-28 22:08:16.776717,122.153,False,False,True
1435,2004-03-28 22:38:16.776717,122.153,False,False,True
1436,2004-03-28 23:08:16.776717,122.153,False,False,True
1437,2004-03-28 23:38:16.776717,122.153,False,False,True
1438,2004-03-29 00:08:16.776717,122.153,False,False,True
1439,2004-03-29 00:38:16.776717,122.153,False,False,True
1440,2004-03-29 01:08:16.776717,122.153,False,False,True
1441,2004-03-29 01:38:16.776717,122.153,False,False,True
1442,2004-03-29 02:08:16.776717,122.153,False,False,True
1443,2004-03-29 02:38:16.776717,122.153,False,False,True
1444,2004-03-29 03:08:16.776717,122.153,False,False,True
1445,2004-03-29 03:38:16.776717,122.153,False,False,True
1446,2004-03-29 04:08:16.776717,122.153,False,False,True
1447,2004-03-29 04:38:16.776717,122.153,False,False,True
1448,2004-03-29 05:08:16.776717,122.153,False,False,True
1449,2004-03-29 05:38:16.776717,122.153,False,False,True
1450,2004-03-29 06:08:16.776717,122.153,False,False,True
1451,2004-03-29 06:38:16.776717,122.153,False,False,True
1452,2004-03-29 07:08:16.776717,122.153,False,False,True
1453,2004-03-29 07:38:16.776717,122.153,False,False,True
1454,2004-03-29 08:08:16.776717,122.153,False,False,True
1455,2004-03-29 08:38:16.776717,122.153,False,False,True
1456,2004-03-29 09:08:16.776717,122.153,False,False,True
1457,2004-03-29 09:38:16.776717,122.153,False,False,True
1458,2004-03-29 10:08:16.776717,122.153,False,False,True
1459,2004-03-29 10:38:16.776717,122.153,False,False,True
1460,2004-03-29 11:08:16.776717,122.153,False,False,True
1461,2004-03-29 11:38:16.776717,122.153,False,False,True
1462,2004-03-29 12:08:16.776717,122.153,False,False,True
1463,2004-03-29 12:38:16.776717,122.153,False,False,True
1464,2004-03-29 13:08:16.776717,122.153,False,False,True
1465,2004-03-29 13:38:16.776717,122.153,False,False,True
1466,2004-03-29 14:08:16.776717,122.153,False,False,True
1467,2004-03-29 14:38:16.776717,122.153,False,False,True
1468,2004-03-29 15:08:16.776717,122.153,False,False,True
1469,2004-03-29 15:38:16.776717,122.153,False,False,True
1470,2004-03-29 16:08:16.776717,122.153,False,False,True
1471,2004-03-29 16:38:16.776717,122.153,False,False,True
1472,2004-03-29 17:08:16.776717,122.153,False,False,True
1473,2004-03-29 17:38:16.776717,122.153,False,False,True
1474,2004-03-29 18:08:16.776717,122.153,False,False,True
1475,2004-03-29 18:38:16.776717,122.153,False,False,True
1476,2004-03-29 19:08:16.776717,122.153,False,False,True
1477,2004-03-29 19:38:16.776717,122.153,False,False,True
1478,2004-03-29 20:08:16.776717,122.153,False,False,True
1479,2004-03-29 20:38:16.776717,122.153,False,False,True
1480,2004-03-29 21:08:16.776717,122.153,False,False,True
1481,2004-03-29 21:38:16.776717,122.153,False,False,True
1482,2004-03-29 22:08:16.776717,122.153,False,False,True
1483,2004-03-29 22:38:16.776717,122.153,False,False,True
1484,2004-03-29 23:08:16.776717,122.153,False,False,True
1485,2004-03-29 23:38:16.776717,122.153,False,False,True
1486,2004-03-30 00:08:16.776717,122.153,False,False,True
1487,2004-03-30 00:38:16.776717,122.153,False,False,True
1488,2004-03-30 01:08:16.776717,122.153,False,False,True
1489,2004-03-30 01:38:16.776717,122.153,False,False,True
1490,2004-03-30 02:08:16.776717,122.153,False,False,True
1491,2004-03-30 02:38:16.776717,122.153,False,False,True
1492,2004-03-30 03:08:16.776717,122.153,False,False,True
1493,2004-03-30 03:38:16.776717,122.153,False,False,True
1494,2004-03-30 04:08:16.776717,122.153,False,False,True
1495,2004-03-30 04:38:16.776717,122.153,False,False,True
1496,2004-03-30 05:08:16.776717,122.153,False,False,True
1497,2004-03-30 05:38:16.776717,122.153,False,False,True
1498,2004-03-30 06:08:16.776717,122.153,False,False,True
1499,2004-03-30 06:38:16.776717,122.153,False,False,True
1500,2004-03-30 07:08:16.776717,122.153,False,False,True
1501,2004-03-30 07:38:16.776717,122.153,False,False,True
1502,2004-03-30 08:08:16.776717,122.153,False,False,True
1503,2004-03-30 08:38:16.776717,122.153,False,False,True
1504,2004-03-30 09:08:16.776717,122.153,False,False,True
1505,2004-03-30 09:38:16.776717,122.153,False,False,True
1506,2004-03-30 10:08:16.776717,122.153,False,False,True
1507,2004-03-30 10:38:16.776717,122.153,False,False,True
1508,2004-03-30 11:08:16.776717,122.153,False,False,True
1509,2004-03-30 11:38:16.776717,122.153,False,False,True
1510,2004-03-30 12:08:16.776717,122.153,False,False,True
1511,2004-03-30 12:38:16.776717,122.153,False,False,True
1512,2004-03-30 13:08:16.776717,122.153,False,False,True
1513,2004-03-30 13:38:16.776717,122.153,False,False,True
1514,2004-03-30 14:08:16.776717,122.153,False,False,True
1515,2004-03-30 14:38:16.776717,122.153,False,False,True
1516,2004-03-30 15:08:16.776717,122.153,False,False,True
1517,2004-03-30 15:38:16.776717,122.153,False,False,True
1518,2004-03-30 16:08:16.776717,122.153,False,False,True
1519,2004-03-30 16:38:16.776717,122.153,False,False,True
1520,2004-03-30 17:08:16.776717,122.153,False,False,True
1521,2004-03-30 17:38:16.776717,122.153,False,False,True
1522,2004-03-30 18:08:16.776717,122.153,False,False,True
1523,2004-03-30 18:38:16.776717,122.153,False,False,True
1524,2004-03-30 19:08:16.776717,122.153,False,False,True
1525,2004-03-30 19:38:16.776717,122.153,False,False,True
1526,2004-03-30 20:08:16.776717,122.153,False,False,True
1527,2004-03-30 20:38:16.776717,122.153,False,False,True
1528,2004-03-30 21:08:16.776717,122.153,False,False,True
1529,2004-03-30 21:38:16.776717,122.153,False,False,True
1530,2004-03-30 22:08:16.776717,122.153,False,False,True
1531,2004-03-30 22:38:16.776717,122.153,False,False,True
1532,2004-03-30 23:08:16.776717,122.153,False,False,True
1533,2004-03-30 23:38:16.776717,122.153,False,False,True
1534,2004-03-31 00:08:16.776717,122.153,False,False,True
1535,2004-03-31 00:38:16.776717,122.153,False,False,True
1536,2004-03-31 01:08:16.776717,122.153,False,False,True
1537,2004-03-31 01:38:16.776717,122.153,False,False,True
1538,2004-03-31 02:08:16.776717,122.153,False,False,True
1539,2004-03-31 02:38:16.776717,122.153,False,False,True
1540,2004-03-31 03:08:16.776717,122.153,False,False,True
1541,2004-03-31 03:38:16.776717,122.153,False,False,True
1542,2004-03-31 04:08:16.776717,122.153,False,False,True
1543,2004-03-31 04:38:16.776717,122.153,False,False,True
1544,2004-03-31 05:08:16.776717,122.153,False,False,True
1545,2004-03-31 05:38:16.776717,122.153,False,False,True
1546,2004-03-31 06:08:16.776717,122.153,False,False,True
1547,2004-03-31 06:38:16.776717,122.153,False,False,True
1548,2004-03-31 07:08:16.776717,122.153,False,False,True
1549,2004-03-31 07:38:16.776717,122.153,False,False,True
1550,2004-03-31 08:08:16.776717,122.153,False,False,True
1551,2004-03-31 08:38:16.776717,122.153,False,False,True
1552,2004-03-31 09:08:16.776717,122.153,False,False,True
1553,2004-03-31 09:38:16.776717,122.153,False,False,True
1554,2004-03-31 10:08:16.776717,122.153,False,False,True
1555,2004-03-31 10:38:16.776717,122.153,False,False,True
1556,2004-03-31 11:08:16.776717,122.153,False,False,True
1557,2004-03-31 11:38:16.776717,122.153,False,False,True
1558,2004-03-31 12:08:16.776717,122.153,False,False,True
1559,2004-03-31 12:38:16.776717,122.153,False,False,True
1560,2004-03-31 13:08:16.776717,122.153,False,False,True
1561,2004-03-31 13:38:16.776717,122.153,False,False,True
1562,2004-03-31 14:08:16.776717,122.153,False,False,True
1563,2004-03-31 14:38:16.776717,122.153,False,False,True
1564,2004-03-31 15:08:16.776717,122.153,False,False,True
1565,2004-03-31 15:38:16.776717,122.153,False,False,True
1566,2004-03-31 16:08:16.776717,122.153,False,False,True
1567,2004-03-31 16:38:16.776717,122.153,False,False,True
1568,2004-03-31 17:08:16.776717,122.153,False,False,True
1569,2004-03-31 17:38:16.776717,122.153,False,False,True
1570,2004-03-31 18:08:16.776717,122.153,False,False,True
1571,2004-03-31 18:38:16.776717,122.153,False,False,True
1572,2004-03-31 19:08:16.776717,122.153,False,False,True
1573,2004-03-31 19:38:16.776717,122.153,False,False,True
1574,2004-03-31 20:08:16.776717,122.153,False,False,True
1575,2004-03-31 20:38:16.776717,122.153,False,False,True
1576,2004-03-31 21:08:16.776717,122.153,False,False,True
1577,2004-03-31 21:38:16.776717,122.153,False,False,True
1578,2004-03-31 22:08:16.776717,122.153,False,False,True
1579,2004-03-31 22:38:16.776717,122.153,False,False,True
1580,2004-03-31 23:08:16.776717,122.153,False,False,True
1581,2004-03-31 23:38:16.776717,122.153,False,False,True
1582,2004-04-01 00:08:16.776717,122.153,False,False,True
1583,2004-04-01 00:38:16.776717,122.153,False,False,True
1584,2004-04-01 01:08:16.776717,122.153,False,False,True
1585,2004-04-01 01:38:16.776717,122.153,False,False,True
1586,2004-04-01 02:08:16.776717,122.153,False,False,True
1587,2004-04-01 02:38:16.776717,122.153,False,False,True
1588,2004-04-01 03:08:16.776717,122.153,False,False,True
1589,2004-04-01 03:38:16.776717,121.957,False,False,True
1590,2004-04-01 04:08:16.776717,122.055,False,False,True
